INSERT INTO Estado (id, nombre, valor, activo, color_fondo, color_texto, tipo) VALUES (1, 'Resuelto', 'resuelto', true, '#198754', '#000000', 2);
INSERT INTO Estado (id, nombre, valor, activo, color_fondo, color_texto, tipo) VALUES (2, 'En Proceso', 'en-proceso', true, '#0dcaf0', '#000000', 1);
INSERT INTO Estado (id, nombre, valor, activo, color_fondo, color_texto, tipo) VALUES (3, 'Cancelado', 'cancelado', true, '#dc3545', '#ffffff', 2);
INSERT INTO Estado (id, nombre, valor, activo, color_fondo, color_texto, tipo) VALUES (4, 'Bloqueado', 'bloqueado', true, '#6c757d', '#ffffff', 1);
INSERT INTO Estado (id, nombre, valor, activo, color_fondo, color_texto, tipo) VALUES (5, 'Sin Estado', 'sin-estado', true, '#04c7f5', '#ffffff', 0);
INSERT INTO Estado (id, nombre, valor, activo, color_fondo, color_texto, tipo) VALUES (6, 'Pendiente', 'pendiente', true, '#ffc107', '#000000', 0);

ALTER TABLE Estado ALTER COLUMN id RESTART WITH 7;

INSERT INTO Usuario (id, username, password, rol, nombre, apellidos, email, telefono, fecha_registro, editable) VALUES (1, 'user01', '$2a$12$7.MmeCKa9h.4u2uC31zOgOKFEyXQmIWKswTbNu4.MQedYyvQ2pgzW', 'USER', 'Ana', 'Martínez', 'ana.martinez@example.com', '612345678', '2024-11-03', true);
INSERT INTO Usuario (id, username, password, rol, nombre, apellidos, email, telefono, fecha_registro, editable) VALUES (2, 'user02', '$2a$12$Ur0Am.HjJ0WseHbtWuZLjuJ2yBbyQU5MJPORmweLEEd5ip2C05IYq', 'USER', 'Carlos', 'Jiménez', 'carlos.jimenez@example.com', '622345679', '2024-12-10', true);
INSERT INTO Usuario (id, username, password, rol, nombre, apellidos, email, telefono, fecha_registro, editable) VALUES (3, 'user03', '$2a$12$qiHV.kWZWYJXcpQWUwJME.c4o2bZxgINRb8jQCghvK5MrMRD0kNCy', 'USER', 'Lucía', 'Navarro', 'lucia.navarro@example.com', '632345680', '2025-01-05', true);
INSERT INTO Usuario (id, username, password, rol, nombre, apellidos, email, telefono, fecha_registro, editable) VALUES (4, 'user04', '$2a$12$Z9N.3Njv.bBXFfui5ysesu6Oc39oXfGs8n7V45ae/QIMunErTl3Fy', 'USER', 'David', 'Fernández', 'david.fernandez@example.com', '642345681', '2025-02-12', true);
INSERT INTO usuario (id, username, password, nombre, apellidos, rol, editable) VALUES (5, 'sin-tecnico', 'sin-tecnico', 'Sin Tecnico', '', 'TECH',false);
INSERT INTO usuario (id, username, password, nombre, apellidos, rol, editable) VALUES (6, 'sin-reportante', 'sin-reportante', 'Sin Reportante', '','USER',false);
INSERT INTO Usuario (id, username, password, rol, nombre, apellidos, email, telefono, fecha_registro, editable) VALUES (7, 'user05', '$2a$12$BxOL/W6prcl10mPFM8sTlOudTdxmw/mNqYsINIkw5Ze1otkt58X0q', 'USER', 'Elena', 'Romero', 'elena.romero@example.com', '652345682', '2025-03-18', true);
INSERT INTO Usuario (id, username, password, rol, nombre, apellidos, email, telefono, fecha_registro, editable) VALUES (8, 'user06', '$2a$12$wcv3W3nrkedYQM1py43D5OyoxU6WOmPqrwDmnR7CnOtkzO2M44fhG', 'USER', 'Javier', 'Ortiz', 'javier.ortiz@example.com', '662345683', '2025-03-21', true);
INSERT INTO Usuario (id, username, password, rol, nombre, apellidos, email, telefono, fecha_registro, editable) VALUES (9, 'user07', '$2a$12$.Xv5w.qDf964rO.2x8TBJOu.Yq6xR7kXLOQUrwcHdpS8lYsfQB5yq', 'USER', 'Sara', 'Cano', 'sara.cano@example.com', '672345684', '2025-03-27', true);
INSERT INTO Usuario (id, username, password, rol, nombre, apellidos, email, telefono, fecha_registro, editable) VALUES (10, 'user08', '$2a$12$qL1JYDBiYRpCwyUp9/r/euX7gmLChdir8NAX7LJQBWS6DApOZxQ.i', 'USER', 'Mario', 'González', 'mario.gonzalez@example.com', '682345685', '2025-04-04', true);
INSERT INTO Usuario (id, username, password, rol, nombre, apellidos, email, telefono, fecha_registro, editable) VALUES (11, 'user09', '$2a$12$WL05lv72x9P6zeymFJzqre5smIW5t6L/v832MDKaZIyG4uTG7NsaK', 'USER', 'Nuria', 'Sanz', 'nuria.sanz@example.com', '692345686', '2025-04-11', true);
INSERT INTO Usuario (id, username, password, rol, nombre, apellidos, email, telefono, fecha_registro, editable) VALUES (12, 'user10', '$2a$12$smC6itF8JbqT83mXwnBPOu8ibh9aB/HryghmzLRB2B2/MJH1ImSom', 'USER', 'Raúl', 'Alonso', 'raul.alonso@example.com', '602345687', '2025-04-17', true);
INSERT INTO Usuario (id, username, password, rol, nombre, apellidos, email, telefono, fecha_registro, editable) VALUES (13, 'tech01', '$2a$12$mYl/eUWoje6/6cs0OoYGa.4IOH4iG5ziFr5go4c/V6Nr9bmyl.z/q', 'TECH', 'Isabel', 'Pérez', 'isabel.perez@example.com', '611111111', '2025-04-20', true);
INSERT INTO Usuario (id, username, password, rol, nombre, apellidos, email, telefono, fecha_registro, editable) VALUES (14, 'tech02', '$2a$12$JfN31Y95PREiph5/yuvBreFZhovgrjSzyGxdzC5EhdqPqMiJbdB8S', 'TECH', 'Pedro', 'Herrera', 'pedro.herrera@example.com', '622222222', '2025-04-21', true);
INSERT INTO Usuario (id, username, password, rol, nombre, apellidos, email, telefono, fecha_registro, editable) VALUES (15, 'tech03', '$2a$12$FePPC3xeTTHl8FsgK1APFuH8Sxdnh48BGoIq8k/HFkxG1RwyxOdlu', 'TECH', 'Claudia', 'Mora', 'claudia.mora@example.com', '633333333', '2025-04-22', true);
INSERT INTO Usuario (id, username, password, rol, nombre, apellidos, email, telefono, fecha_registro, editable) VALUES (16, 'tech04', '$2a$12$obaRrurahwkaCtabLacxg.rVgpJO9Bo2jaEPvmrK1EP/xiF/tNS1m', 'TECH', 'Alberto', 'Reyes', 'alberto.reyes@example.com', '644444444', '2025-04-23', true);
INSERT INTO Usuario (id, username, password, rol, nombre, apellidos, email, telefono, fecha_registro, editable) VALUES (17, 'tech05', '$2a$12$obaRrurahwkaCtabLacxg.rVgpJO9Bo2jaEPvmrK1EP/xiF/tNS1m', 'TECH', 'Patricia', 'Crespo', 'patricia.crespo@example.com', '655555555', '2025-04-24', true);
INSERT INTO Usuario (id, username, password, rol, nombre, apellidos, email, telefono, fecha_registro, editable) VALUES (18, 'tech06', '$2a$12$obaRrurahwkaCtabLacxg.rVgpJO9Bo2jaEPvmrK1EP/xiF/tNS1m', 'TECH', 'Hugo', 'López', 'hugo.lopez@example.com', '666666666', '2025-04-25', true);
INSERT INTO Usuario (id, username, password, rol, nombre, apellidos, email, telefono, fecha_registro, editable) VALUES (19, 'tech07', '$2a$12$obaRrurahwkaCtabLacxg.rVgpJO9Bo2jaEPvmrK1EP/xiF/tNS1m', 'TECH', 'Teresa', 'Delgado', 'teresa.delgado@example.com', '677777777', '2025-04-26', true);
INSERT INTO Usuario (id, username, password, rol, nombre, apellidos, email, telefono, fecha_registro, editable) VALUES (20, 'tech08', '$2a$12$obaRrurahwkaCtabLacxg.rVgpJO9Bo2jaEPvmrK1EP/xiF/tNS1m', 'TECH', 'Andrés', 'Ruiz', 'andres.ruiz@example.com', '688888888', '2025-04-27', true);
INSERT INTO Usuario (id, username, password, rol, nombre, apellidos, email, telefono, fecha_registro, editable) VALUES (21, 'tech09', '$2a$12$obaRrurahwkaCtabLacxg.rVgpJO9Bo2jaEPvmrK1EP/xiF/tNS1m', 'TECH', 'Laura', 'Suárez', 'laura.suarez@example.com', '699999999', '2025-04-28', true);
INSERT INTO Usuario (id, username, password, rol, nombre, apellidos, email, telefono, fecha_registro, editable) VALUES (22, 'tech10', '$2a$12$obaRrurahwkaCtabLacxg.rVgpJO9Bo2jaEPvmrK1EP/xiF/tNS1m', 'TECH', 'Sergio', 'Bermúdez', 'sergio.bermudez@example.com', '600000000', '2025-04-29', true);
INSERT INTO Usuario (id,username,password,rol,editable, nombre, apellidos, fecha_registro) VALUES (23,'user','$2a$10$P.INQOjXA6Krg12MKDl3ne0jZKqQPwjdNd9LfzYl9m2GTwm1nfm3y','USER',false,'user','','2025-05-21');
INSERT INTO usuario (id, username, password, nombre, apellidos, rol, editable, fecha_registro) VALUES (24, 'tech', '$2a$12$cVbhu2H9QtaWAA8zmXs7luqThZjcKrBTLd5upkgn.SFRPEVo76OKm', 'tech', '', 'TECH',false,'2025-05-21');
ALTER TABLE usuario ALTER COLUMN id RESTART WITH 25;
INSERT INTO usuario (username, password, nombre, apellidos, rol, editable, fecha_registro) VALUES ( 'admin', '$2a$12$fMCbeiD5ulJd0HVupQClOeUglGpw9z2UphGQPI3ANsiEtGP.TA67K', 'admin', '', 'ADMIN',false,'2025-05-21');
INSERT INTO Incidencia (id, titulo, ubicacion, descripcion, reportante_id, tecnico_id, estado_id, fecha_creacion, fechaiea, fecha_modificacion) VALUES (0, 'Colores estilo Windows 95', 'Aula 13', 'La pantalla cambia de color como una discoteca.', 3, 13, 3, '2025-05-02 03:24:00', '2025-05-03 10:11:14', '2025-05-04 13:15:26');
INSERT INTO Incidencia (id, titulo, ubicacion, descripcion, reportante_id, tecnico_id, estado_id, fecha_creacion, fechaiea, fecha_modificacion) VALUES (1, 'Sistema operativo corrupto', 'Aula 3', 'El sistema operativo no puede completar el arranque.', 12, 15, 3, '2025-05-09 02:49:12', '2025-05-10 07:48:01', '2025-05-10 09:09:18');
INSERT INTO Incidencia (id, titulo, ubicacion, descripcion, reportante_id, tecnico_id, estado_id, fecha_creacion, fechaiea, fecha_modificacion) VALUES (2, 'Error de impresión', 'Aula 15', 'Falta papel en la impresora.', 10, 19, 3, '2025-05-15 14:31:52', '2025-05-16 14:15:07', '2025-05-16 23:38:21');
INSERT INTO Incidencia (id, titulo, ubicacion, descripcion, reportante_id, tecnico_id, estado_id, fecha_creacion, fechaiea, fecha_modificacion) VALUES (3, 'Sonido incontrolable', 'Aula 17', 'Hay un chaval que no para de hacer ruido comiendo.', 23, 20, 6, '2025-05-06 09:05:52', '2025-05-06 22:21:12', '2025-05-07 10:13:47');
INSERT INTO Incidencia (id, titulo, ubicacion, descripcion, reportante_id, tecnico_id, estado_id, fecha_creacion, fechaiea, fecha_modificacion) VALUES (4, 'Fallo de entrada de teclado', 'Aula 9', 'El teclado no responde en absoluto.', 23, 15, 2, '2025-05-09 21:00:15', '2025-05-10 11:23:34', '2025-05-11 00:35:21');
INSERT INTO Incidencia (id, titulo, ubicacion, descripcion, reportante_id, tecnico_id, estado_id, fecha_creacion, fechaiea, fecha_modificacion) VALUES (5, 'Fallo en ventilación', 'Aula 11', 'Hace mas calor que en la comunion de charmander', 9, 14, 5, '2025-05-14 16:28:27', '2025-05-15 09:10:29', '2025-05-16 18:14:20');
INSERT INTO Incidencia (id, titulo, ubicacion, descripcion, reportante_id, tecnico_id, estado_id, fecha_creacion, fechaiea, fecha_modificacion) VALUES (6, 'Proyector no responde', 'Aula 9', 'El proyector no responde al encenderlo.', 3, 21, 5, '2025-05-09 23:30:45', '2025-05-10 13:40:55', '2025-05-11 04:22:57');
INSERT INTO Incidencia (id, titulo, ubicacion, descripcion, reportante_id, tecnico_id, estado_id, fecha_creacion, fechaiea, fecha_modificacion) VALUES (7, 'Colores estilo Windows 95', 'Aula 5', 'La pantalla cambia de color como una discoteca.', 2, 20, 3, '2025-05-08 14:23:59', '2025-05-08 14:27:56', '2025-05-09 06:18:41');
INSERT INTO Incidencia (id, titulo, ubicacion, descripcion, reportante_id, tecnico_id, estado_id, fecha_creacion, fechaiea, fecha_modificacion) VALUES (8, 'Fallo en proyector', 'Aula 9', 'La imagen proyectada está distorsionada o borrosa.', 10, 24, 1, '2025-05-02 15:33:42', '2025-05-02 20:11:08', '2025-05-04 11:46:13');
INSERT INTO Incidencia (id, titulo, ubicacion, descripcion, reportante_id, tecnico_id, estado_id, fecha_creacion, fechaiea, fecha_modificacion) VALUES (9, 'Calor excesivo', 'Aula 3', 'El aire acondicionado no enfría adecuadamente.', 2, 19, 6, '2025-05-10 14:11:04', '2025-05-11 08:33:17', '2025-05-11 22:01:54');
INSERT INTO Incidencia (id, titulo, ubicacion, descripcion, reportante_id, tecnico_id, estado_id, fecha_creacion, fechaiea, fecha_modificacion) VALUES (10, 'Pantalla congelada desde la Edad Media', 'Aula 15', 'Tras 5 minutos sigue pensando... algo.', 2, 14, 2, '2025-05-09 23:48:38', '2025-05-11 09:35:11', '2025-05-12 03:10:42');
INSERT INTO Incidencia (id, titulo, ubicacion, descripcion, reportante_id, tecnico_id, estado_id, fecha_creacion, fechaiea, fecha_modificacion) VALUES (11, 'Tablet no enciende', 'Aula 18', 'La pantalla de la tablet no responde al tacto.', 12, 21, 2, '2025-05-07 00:18:05', '2025-05-08 15:51:25', '2025-05-09 07:09:14');
INSERT INTO Incidencia (id, titulo, ubicacion, descripcion, reportante_id, tecnico_id, estado_id, fecha_creacion, fechaiea, fecha_modificacion) VALUES (12, 'Sistema operativo corrupto', 'Aula 15', 'El disco duro no es detectado.', 7, 13, 2, '2025-05-14 23:43:49', '2025-05-16 08:46:05', '2025-05-17 00:55:13');
INSERT INTO Incidencia (id, titulo, ubicacion, descripcion, reportante_id, tecnico_id, estado_id, fecha_creacion, fechaiea, fecha_modificacion) VALUES (13, 'Frío excesivo', 'Aula 20', 'La calefacción no calienta adecuadamente.', 12, 13, 1, '2025-05-04 17:16:53', '2025-05-05 09:28:12', '2025-05-05 15:11:14');
INSERT INTO Incidencia (id, titulo, ubicacion, descripcion, reportante_id, tecnico_id, estado_id, fecha_creacion, fechaiea, fecha_modificacion) VALUES (14, 'Pantalla congelada desde la Edad Media', 'Aula 12', 'Se reinicia más que mi motivación los lunes.', 12, 21, 2, '2025-05-17 21:31:19', '2025-05-18 14:14:03', '2025-05-19 09:05:21');
INSERT INTO Incidencia (id, titulo, ubicacion, descripcion, reportante_id, tecnico_id, estado_id, fecha_creacion, fechaiea, fecha_modificacion) VALUES (15, 'Silla con vida propia', 'Aula 12', 'Crúje más que mis rodillas al levantarme.', 7, 20, 3, '2025-05-05 11:06:15', '2025-05-06 00:23:07', '2025-05-06 13:16:36');
INSERT INTO Incidencia (id, titulo, ubicacion, descripcion, reportante_id, tecnico_id, estado_id, fecha_creacion, fechaiea, fecha_modificacion) VALUES (16, 'Proyector fundido', 'Aula 20', 'La imagen proyectada está distorsionada o borrosa.', 2, 20, 5, '2025-05-18 16:18:16', '2025-05-20 03:32:57', '2025-05-21 19:03:55');
INSERT INTO Incidencia (id, titulo, ubicacion, descripcion, reportante_id, tecnico_id, estado_id, fecha_creacion, fechaiea, fecha_modificacion) VALUES (17, 'Silla con vida propia', 'Aula 20', 'Crúje más que mis rodillas al levantarme.', 3, 16, 1, '2025-05-05 17:14:40', '2025-05-07 01:51:59', '2025-05-07 20:46:49');
INSERT INTO Incidencia (id, titulo, ubicacion, descripcion, reportante_id, tecnico_id, estado_id, fecha_creacion, fechaiea, fecha_modificacion) VALUES (18, 'Calor excesivo', 'Aula 1', 'Los ventiladores no funcionan.', 23, 13, 2, '2025-05-03 10:53:35', '2025-05-05 02:21:05', '2025-05-05 08:40:50');
INSERT INTO Incidencia (id, titulo, ubicacion, descripcion, reportante_id, tecnico_id, estado_id, fecha_creacion, fechaiea, fecha_modificacion) VALUES (19, 'Fallo de audio', 'Aula 4', 'El volumen es extremadamente bajo incluso al máximo.', 23, 16, 1, '2025-05-07 08:25:33', '2025-05-07 17:35:46', '2025-05-07 20:42:31');
INSERT INTO Incidencia (id, titulo, ubicacion, descripcion, reportante_id, tecnico_id, estado_id, fecha_creacion, fechaiea, fecha_modificacion) VALUES (20, 'Fallo en calefacción', 'Aula 19', 'Lleva todo el dia el aire puesto, me estoy muriendo', 1, 17, 1, '2025-05-10 03:34:46', '2025-05-11 15:41:25', '2025-05-12 02:29:22');
INSERT INTO Incidencia (id, titulo, ubicacion, descripcion, reportante_id, tecnico_id, estado_id, fecha_creacion, fechaiea, fecha_modificacion) VALUES (21, 'Error de impresión', 'Aula 17', 'No responde al intentar imprimir.', 11, 20, 4, '2025-05-08 20:41:02', '2025-05-10 12:00:53', '2025-05-12 02:41:36');
INSERT INTO Incidencia (id, titulo, ubicacion, descripcion, reportante_id, tecnico_id, estado_id, fecha_creacion, fechaiea, fecha_modificacion) VALUES (22, 'Problemas eléctricos', 'Aula 13', 'El equipo no enciende por falta de energía.', 9, 20, 5, '2025-05-14 23:53:14', '2025-05-15 14:34:31', '2025-05-16 18:33:57');
INSERT INTO Incidencia (id, titulo, ubicacion, descripcion, reportante_id, tecnico_id, estado_id, fecha_creacion, fechaiea, fecha_modificacion) VALUES (23, 'Tablet bloqueada', 'Aula 7', 'La tablet no enciende, aunque esté cargada.', 2, 14, 5, '2025-05-18 04:07:49', '2025-05-18 10:38:39', '2025-05-19 22:28:19');
INSERT INTO Incidencia (id, titulo, ubicacion, descripcion, reportante_id, tecnico_id, estado_id, fecha_creacion, fechaiea, fecha_modificacion) VALUES (24, 'Tablet no enciende', 'Aula 9', 'La tablet no enciende, aunque esté cargada.', 1, 24, 4, '2025-05-06 19:59:09', '2025-05-06 22:52:39', '2025-05-08 00:40:02');
INSERT INTO Incidencia (id, titulo, ubicacion, descripcion, reportante_id, tecnico_id, estado_id, fecha_creacion, fechaiea, fecha_modificacion) VALUES (25, 'Fallo en ventilación', 'Aula 12', 'Los ventiladores no funcionan.', 10, 5, 5, '2025-05-18 10:13:33', '2025-05-19 14:37:26', '2025-05-20 01:05:52');
INSERT INTO Incidencia (id, titulo, ubicacion, descripcion, reportante_id, tecnico_id, estado_id, fecha_creacion, fechaiea, fecha_modificacion) VALUES (26, 'Fallo en cámara de seguridad', 'Aula 11', 'La imagen de la cámara se ve borrosa o congelada.', 2, 5, 5, '2025-05-18 20:22:29', '2025-05-20 03:38:45', '2025-05-20 04:17:20');
INSERT INTO Incidencia (id, titulo, ubicacion, descripcion, reportante_id, tecnico_id, estado_id, fecha_creacion, fechaiea, fecha_modificacion) VALUES (27, 'Problemas eléctricos', 'Aula 17', 'La corriente eléctrica se corta intermitentemente.', 8, 15, 3, '2025-05-14 01:31:51', '2025-05-14 05:13:15', '2025-05-14 18:44:59');
INSERT INTO Incidencia (id, titulo, ubicacion, descripcion, reportante_id, tecnico_id, estado_id, fecha_creacion, fechaiea, fecha_modificacion) VALUES (28, 'Tablet no enciende', 'Aula 5', 'No se puede acceder al sistema operativo.', 8, 13, 4, '2025-05-06 08:38:42', '2025-05-06 23:58:35', '2025-05-08 07:51:19');
INSERT INTO Incidencia (id, titulo, ubicacion, descripcion, reportante_id, tecnico_id, estado_id, fecha_creacion, fechaiea, fecha_modificacion) VALUES (29, 'Red más lenta que un caracol cojo', 'Aula 9', 'El icono de carga se ha convertido en decoración permanente.', 7, 16, 1, '2025-05-16 23:17:36', '2025-05-17 05:47:11', '2025-05-18 21:36:22');
INSERT INTO Incidencia (id, titulo, ubicacion, descripcion, reportante_id, tecnico_id, estado_id, fecha_creacion, fechaiea, fecha_modificacion) VALUES (30, 'Colores estilo Windows 95', 'Aula 11', 'La imagen está tan torcida que parece arte cubista.', 11, 15, 1, '2025-05-17 10:03:21', '2025-05-18 07:59:59', '2025-05-19 17:34:27');
INSERT INTO Incidencia (id, titulo, ubicacion, descripcion, reportante_id, tecnico_id, estado_id, fecha_creacion, fechaiea, fecha_modificacion) VALUES (31, 'Teclado roto', 'Aula 16', 'El teclado se desconecta de forma intermitente.', 9, 18, 2, '2025-05-18 14:39:41', '2025-05-18 17:18:19', '2025-05-19 01:44:21');
INSERT INTO Incidencia (id, titulo, ubicacion, descripcion, reportante_id, tecnico_id, estado_id, fecha_creacion, fechaiea, fecha_modificacion) VALUES (32, 'Ordenador en huelga', 'Aula 13', 'El cursor parpadea... pero no ocurre nada más.', 4, 21, 3, '2025-05-09 19:53:55', '2025-05-11 11:46:17', '2025-05-12 18:22:20');
INSERT INTO Incidencia (id, titulo, ubicacion, descripcion, reportante_id, tecnico_id, estado_id, fecha_creacion, fechaiea, fecha_modificacion) VALUES (33, 'Ruido infernal', 'Aula 8', 'Se escucha la moto de Fernando desde la otra punta del edificio.', 23, 14, 2, '2025-05-07 09:20:08', '2025-05-07 18:43:18', '2025-05-08 01:20:12');
INSERT INTO Incidencia (id, titulo, ubicacion, descripcion, reportante_id, tecnico_id, estado_id, fecha_creacion, fechaiea, fecha_modificacion) VALUES (34, 'Red más lenta que un caracol cojo', 'Aula 8', 'Cargar una web requiere pacto con fuerzas oscuras.', 3, 19, 6, '2025-05-18 00:15:51', '2025-05-19 03:12:49', '2025-05-19 15:10:24');
INSERT INTO Incidencia (id, titulo, ubicacion, descripcion, reportante_id, tecnico_id, estado_id, fecha_creacion, fechaiea, fecha_modificacion) VALUES (35, 'Asiento de tortura medieval', 'Aula 13', 'Crúje más que mis rodillas al levantarme.', 11, 15, 6, '2025-05-12 04:46:41', '2025-05-12 07:53:07', '2025-05-12 19:28:21');
INSERT INTO Incidencia (id, titulo, ubicacion, descripcion, reportante_id, tecnico_id, estado_id, fecha_creacion, fechaiea, fecha_modificacion) VALUES (36, 'Pantalla azul', 'Aula 3', 'El equipo no arranca, ni emite sonidos.', 12, 18, 2, '2025-05-07 08:28:14', '2025-05-08 19:50:31', '2025-05-09 11:53:33');
INSERT INTO Incidencia (id, titulo, ubicacion, descripcion, reportante_id, tecnico_id, estado_id, fecha_creacion, fechaiea, fecha_modificacion) VALUES (37, 'Pantalla congelada desde la Edad Media', 'Aula 7', 'El cursor parpadea... pero no ocurre nada más.', 9, 20, 1, '2025-05-14 02:38:32', '2025-05-15 01:18:43', '2025-05-16 06:05:18');
INSERT INTO Incidencia (id, titulo, ubicacion, descripcion, reportante_id, tecnico_id, estado_id, fecha_creacion, fechaiea, fecha_modificacion) VALUES (38, 'Proyector en modo abstracto', 'Aula 17', 'Se ve como si Gollum hubiese ajustado el brillo y contraste.', 3, 18, 2, '2025-05-10 13:49:13', '2025-05-11 10:53:35', '2025-05-12 05:00:45');
INSERT INTO Incidencia (id, titulo, ubicacion, descripcion, reportante_id, tecnico_id, estado_id, fecha_creacion, fechaiea, fecha_modificacion) VALUES (39, 'Conexión Wi-Fi de la Edad de Piedra', 'Aula 7', 'El icono de carga se ha convertido en decoración permanente.', 12, 17, 5, '2025-05-14 14:48:51', '2025-05-14 23:59:10', '2025-05-15 05:01:34');
INSERT INTO Incidencia (id, titulo, ubicacion, descripcion, reportante_id, tecnico_id, estado_id, fecha_creacion, fechaiea, fecha_modificacion) VALUES (40, 'Proyector fundido', 'Aula 5', 'El proyector no responde al encenderlo.', 23, 21, 2, '2025-05-01 15:20:42', '2025-05-02 05:33:24', '2025-05-02 06:49:34');
INSERT INTO Incidencia (id, titulo, ubicacion, descripcion, reportante_id, tecnico_id, estado_id, fecha_creacion, fechaiea, fecha_modificacion) VALUES (41, 'Pantalla congelada desde la Edad Media', 'Aula 20', 'Le he dado al botón y ha entrado en coma tecnológico.', 23, 21, 2, '2025-05-04 15:41:38', '2025-05-05 08:33:32', '2025-05-05 22:33:55');
INSERT INTO Incidencia (id, titulo, ubicacion, descripcion, reportante_id, tecnico_id, estado_id, fecha_creacion, fechaiea, fecha_modificacion) VALUES (42, 'Ordenador no enciende', 'Aula 11', 'Pantalla azul al iniciar el sistema.', 1, 5, 5, '2025-05-16 22:12:14', '2025-05-18 07:18:39', '2025-05-19 12:48:56');
INSERT INTO Incidencia (id, titulo, ubicacion, descripcion, reportante_id, tecnico_id, estado_id, fecha_creacion, fechaiea, fecha_modificacion) VALUES (43, 'Tablet no enciende', 'Aula 1', 'No se puede acceder al sistema operativo.', 10, 20, 5, '2025-05-07 22:27:38', '2025-05-08 11:23:29', '2025-05-08 19:23:57');
INSERT INTO Incidencia (id, titulo, ubicacion, descripcion, reportante_id, tecnico_id, estado_id, fecha_creacion, fechaiea, fecha_modificacion) VALUES (44, 'Fallo en cámara de seguridad', 'Aula 9', 'La cámara aparece desconectada en el sistema.', 1, 17, 5, '2025-05-03 23:10:15', '2025-05-05 11:28:06', '2025-05-06 23:01:48');
INSERT INTO Incidencia (id, titulo, ubicacion, descripcion, reportante_id, tecnico_id, estado_id, fecha_creacion, fechaiea, fecha_modificacion) VALUES (45, 'Pantalla azul', 'Aula 15', 'El equipo no arranca, ni emite sonidos.', 10, 21, 5, '2025-05-13 14:34:43', '2025-05-14 15:06:09', '2025-05-15 21:01:51');
INSERT INTO Incidencia (id, titulo, ubicacion, descripcion, reportante_id, tecnico_id, estado_id, fecha_creacion, fechaiea, fecha_modificacion) VALUES (46, 'Cámara no detectada', 'Aula 7', 'No hay señal desde la cámara de seguridad.', 9, 14, 3, '2025-05-15 10:25:33', '2025-05-15 13:34:49', '2025-05-16 12:30:00');
INSERT INTO Incidencia (id, titulo, ubicacion, descripcion, reportante_id, tecnico_id, estado_id, fecha_creacion, fechaiea, fecha_modificacion) VALUES (47, 'Wi-Fi desconectado', 'Aula 20', 'El punto de acceso Wi-Fi no aparece disponible.', 8, 19, 3, '2025-05-08 22:28:04', '2025-05-10 12:19:00', '2025-05-11 09:28:50');
INSERT INTO Incidencia (id, titulo, ubicacion, descripcion, reportante_id, tecnico_id, estado_id, fecha_creacion, fechaiea, fecha_modificacion) VALUES (48, 'Fallo de pantalla en tablet', 'Aula 2', 'La tablet se queda congelada en el arranque.', 2, 20, 4, '2025-05-04 22:00:02', '2025-05-06 04:13:06', '2025-05-06 18:44:04');
INSERT INTO Incidencia (id, titulo, ubicacion, descripcion, reportante_id, tecnico_id, estado_id, fecha_creacion, fechaiea, fecha_modificacion) VALUES (49, 'Asiento de tortura medieval', 'Aula 6', 'Parece una prueba de resistencia psicológica más que un asiento.', 4, 16, 3, '2025-05-08 13:58:29', '2025-05-08 21:23:21', '2025-05-10 05:35:14');
INSERT INTO Incidencia (id, titulo, ubicacion, descripcion, reportante_id, tecnico_id, estado_id, fecha_creacion, fechaiea, fecha_modificacion) VALUES (50, 'Sonido incontrolable', 'Aula 7', 'Se escucha la moto de Fernando desde la otra punta del edificio.', 4, 19, 5, '2025-05-02 05:01:55', '2025-05-02 18:02:10', '2025-05-04 06:45:51');
INSERT INTO Incidencia (id, titulo, ubicacion, descripcion, reportante_id, tecnico_id, estado_id, fecha_creacion, fechaiea, fecha_modificacion) VALUES (51, 'Calor excesivo', 'Aula 11', 'Se siente aire caliente en lugar de frío.', 12, 5, 5, '2025-05-01 00:24:45', '2025-05-02 00:39:19', '2025-05-02 21:21:13');
INSERT INTO Incidencia (id, titulo, ubicacion, descripcion, reportante_id, tecnico_id, estado_id, fecha_creacion, fechaiea, fecha_modificacion) VALUES (52, 'Audio distorsionado', 'Aula 13', 'El audio suena entrecortado o distorsionado.', 23, 5, 5, '2025-05-16 21:47:02', '2025-05-18 02:00:50', '2025-05-18 23:37:02');
INSERT INTO Incidencia (id, titulo, ubicacion, descripcion, reportante_id, tecnico_id, estado_id, fecha_creacion, fechaiea, fecha_modificacion) VALUES (53, 'Frío excesivo', 'Aula 6', 'Los radiadores no funcionan.', 8, 17, 5, '2025-05-01 21:23:53', '2025-05-02 17:08:48', '2025-05-03 19:57:55');
INSERT INTO Incidencia (id, titulo, ubicacion, descripcion, reportante_id, tecnico_id, estado_id, fecha_creacion, fechaiea, fecha_modificacion) VALUES (54, 'Tablet bloqueada', 'Aula 1', 'La batería de la tablet se agota rápidamente.', 7, 17, 6, '2025-05-09 11:20:09', '2025-05-11 00:56:05', '2025-05-12 00:08:01');
INSERT INTO Incidencia (id, titulo, ubicacion, descripcion, reportante_id, tecnico_id, estado_id, fecha_creacion, fechaiea, fecha_modificacion) VALUES (55, 'Altavoces sin sonido', 'Aula 12', 'Los altavoces emiten zumbidos o interferencias.', 9, 17, 4, '2025-05-01 08:41:34', '2025-05-02 05:36:31', '2025-05-03 21:36:11');
INSERT INTO Incidencia (id, titulo, ubicacion, descripcion, reportante_id, tecnico_id, estado_id, fecha_creacion, fechaiea, fecha_modificacion) VALUES (56, 'Impresora desconectada', 'Aula 18', 'El controlador de la impresora no está instalado correctamente.', 1, 16, 1, '2025-05-14 14:21:11', '2025-05-15 12:42:37', '2025-05-16 01:55:05');
INSERT INTO Incidencia (id, titulo, ubicacion, descripcion, reportante_id, tecnico_id, estado_id, fecha_creacion, fechaiea, fecha_modificacion) VALUES (57, 'Wi-Fi desconectado', 'Aula 3', 'Interrupciones constantes en la red.', 1, 24, 3, '2025-05-02 10:37:05', '2025-05-02 21:06:48', '2025-05-02 23:36:36');
INSERT INTO Incidencia (id, titulo, ubicacion, descripcion, reportante_id, tecnico_id, estado_id, fecha_creacion, fechaiea, fecha_modificacion) VALUES (58, 'Error al ejecutar programa', 'Aula 14', 'La aplicación se cierra inesperadamente.', 12, 17, 2, '2025-05-17 22:16:51', '2025-05-18 14:21:03', '2025-05-18 17:25:50');
INSERT INTO Incidencia (id, titulo, ubicacion, descripcion, reportante_id, tecnico_id, estado_id, fecha_creacion, fechaiea, fecha_modificacion) VALUES (59, 'Teclado roto', 'Aula 7', 'Algunas teclas del teclado no funcionan.', 8, 20, 1, '2025-05-11 11:11:34', '2025-05-12 08:58:56', '2025-05-12 15:56:08');
INSERT INTO Incidencia (id, titulo, ubicacion, descripcion, reportante_id, tecnico_id, estado_id, fecha_creacion, fechaiea, fecha_modificacion) VALUES (60, 'Problemas de red', 'Aula 1', 'Los dispositivos no logran conectarse a la red Wi-Fi.', 2, 18, 3, '2025-05-04 04:16:33', '2025-05-05 08:22:16', '2025-05-06 03:03:22');
INSERT INTO Incidencia (id, titulo, ubicacion, descripcion, reportante_id, tecnico_id, estado_id, fecha_creacion, fechaiea, fecha_modificacion) VALUES (61, 'Fallo en cámara de seguridad', 'Aula 6', 'No hay señal desde la cámara de seguridad.', 10, 21, 5, '2025-05-04 13:10:30', '2025-05-05 03:05:19', '2025-05-05 15:20:03');
INSERT INTO Incidencia (id, titulo, ubicacion, descripcion, reportante_id, tecnico_id, estado_id, fecha_creacion, fechaiea, fecha_modificacion) VALUES (62, 'Fallo de energía', 'Aula 14', 'La corriente eléctrica se corta intermitentemente.', 2, 21, 2, '2025-05-07 21:55:57', '2025-05-08 05:37:29', '2025-05-08 18:25:56');
INSERT INTO Incidencia (id, titulo, ubicacion, descripcion, reportante_id, tecnico_id, estado_id, fecha_creacion, fechaiea, fecha_modificacion) VALUES (63, 'Cortocircuito', 'Aula 9', 'La corriente eléctrica se corta intermitentemente.', 1, 16, 6, '2025-05-07 09:27:22', '2025-05-08 13:02:20', '2025-05-09 01:39:30');
INSERT INTO Incidencia (id, titulo, ubicacion, descripcion, reportante_id, tecnico_id, estado_id, fecha_creacion, fechaiea, fecha_modificacion) VALUES (64, 'Más ruido que en un concierto de motoras', 'Aula 8', 'El pablo no para quieto, que se calle.', 4, 13, 4, '2025-05-13 22:36:39', '2025-05-14 22:08:06', '2025-05-15 12:07:16');
INSERT INTO Incidencia (id, titulo, ubicacion, descripcion, reportante_id, tecnico_id, estado_id, fecha_creacion, fechaiea, fecha_modificacion) VALUES (65, 'Fallo en ventilación', 'Aula 19', 'El sistema de ventilación hace ruidos extraños.', 2, 5, 5, '2025-05-02 11:25:38', '2025-05-02 19:57:41', '2025-05-04 10:40:34');
INSERT INTO Incidencia (id, titulo, ubicacion, descripcion, reportante_id, tecnico_id, estado_id, fecha_creacion, fechaiea, fecha_modificacion) VALUES (66, 'Ordenador no enciende', 'Aula 10', 'Se reinicia continuamente sin cargar Windows.', 7, 17, 4, '2025-05-09 20:05:11', '2025-05-10 00:18:15', '2025-05-11 03:15:00');
INSERT INTO Incidencia (id, titulo, ubicacion, descripcion, reportante_id, tecnico_id, estado_id, fecha_creacion, fechaiea, fecha_modificacion) VALUES (67, 'Proyector en modo abstracto', 'Aula 8', 'La pantalla cambia de color como una discoteca.', 11, 17, 2, '2025-05-03 12:44:31', '2025-05-04 01:32:57', '2025-05-05 05:44:26');
INSERT INTO Incidencia (id, titulo, ubicacion, descripcion, reportante_id, tecnico_id, estado_id, fecha_creacion, fechaiea, fecha_modificacion) VALUES (68, 'Teclas no funcionan', 'Aula 9', 'Algunas teclas del teclado no funcionan.', 11, 14, 2, '2025-05-14 04:51:32', '2025-05-14 14:03:13', '2025-05-15 08:04:52');
INSERT INTO Incidencia (id, titulo, ubicacion, descripcion, reportante_id, tecnico_id, estado_id, fecha_creacion, fechaiea, fecha_modificacion) VALUES (69, 'Conexión Wi-Fi de la Edad de Piedra', 'Aula 4', 'Ni el Internet Explorer de 2003 era tan lento.', 10, 20, 6, '2025-05-05 00:34:18', '2025-05-05 02:17:07', '2025-05-06 08:51:45');
INSERT INTO Incidencia (id, titulo, ubicacion, descripcion, reportante_id, tecnico_id, estado_id, fecha_creacion, fechaiea, fecha_modificacion) VALUES (70, 'PC con espíritu zen (no hace nada)', 'Aula 19', 'Le he dado al botón y ha entrado en coma tecnológico.', 9, 20, 6, '2025-05-01 07:08:01', '2025-05-01 09:48:36', '2025-05-02 06:47:24');
INSERT INTO Incidencia (id, titulo, ubicacion, descripcion, reportante_id, tecnico_id, estado_id, fecha_creacion, fechaiea, fecha_modificacion) VALUES (71, 'Proyector en modo abstracto', 'Aula 8', 'El proyector proyecta el más allá en lugar del escritorio.', 1, 24, 5, '2025-05-10 01:32:14', '2025-05-10 19:48:12', '2025-05-11 15:34:30');
INSERT INTO Incidencia (id, titulo, ubicacion, descripcion, reportante_id, tecnico_id, estado_id, fecha_creacion, fechaiea, fecha_modificacion) VALUES (72, 'Software desactualizado', 'Aula 6', 'La aplicación se cierra inesperadamente.', 3, 5, 5, '2025-05-16 21:33:18', '2025-05-18 07:23:49', '2025-05-18 11:42:05');
INSERT INTO Incidencia (id, titulo, ubicacion, descripcion, reportante_id, tecnico_id, estado_id, fecha_creacion, fechaiea, fecha_modificacion) VALUES (73, 'Proyector no responde', 'Aula 3', 'No detecta ninguna fuente de entrada.', 4, 14, 6, '2025-05-15 16:24:14', '2025-05-15 23:02:38', '2025-05-17 09:06:32');
INSERT INTO Incidencia (id, titulo, ubicacion, descripcion, reportante_id, tecnico_id, estado_id, fecha_creacion, fechaiea, fecha_modificacion) VALUES (74, 'Fallo de pantalla en tablet', 'Aula 16', 'No se puede acceder al sistema operativo.', 8, 19, 2, '2025-05-11 17:48:11', '2025-05-12 13:11:17', '2025-05-13 03:57:44');
INSERT INTO Incidencia (id, titulo, ubicacion, descripcion, reportante_id, tecnico_id, estado_id, fecha_creacion, fechaiea, fecha_modificacion) VALUES (75, 'Red más lenta que un caracol cojo', 'Aula 11', 'Con esta velocidad, enviar un correo es una aventura épica.', 2, 16, 6, '2025-05-17 06:45:38', '2025-05-18 14:51:00', '2025-05-19 23:39:03');
INSERT INTO Incidencia (id, titulo, ubicacion, descripcion, reportante_id, tecnico_id, estado_id, fecha_creacion, fechaiea, fecha_modificacion) VALUES (76, 'Impresora desconectada', 'Aula 14', 'No responde al intentar imprimir.', 10, 16, 3, '2025-05-01 21:25:33', '2025-05-02 18:47:42', '2025-05-03 16:40:09');
INSERT INTO Incidencia (id, titulo, ubicacion, descripcion, reportante_id, tecnico_id, estado_id, fecha_creacion, fechaiea, fecha_modificacion) VALUES (77, 'PC con espíritu zen (no hace nada)', 'Aula 16', 'Tras 5 minutos sigue pensando... algo.', 11, 19, 3, '2025-05-12 18:21:29', '2025-05-13 16:48:42', '2025-05-14 03:36:10');
INSERT INTO Incidencia (id, titulo, ubicacion, descripcion, reportante_id, tecnico_id, estado_id, fecha_creacion, fechaiea, fecha_modificacion) VALUES (78, 'Ordenador no enciende', 'Aula 9', 'El disco duro no es detectado.', 2, 24, 5, '2025-05-05 03:16:06', '2025-05-06 17:24:02', '2025-05-07 13:50:51');
INSERT INTO Incidencia (id, titulo, ubicacion, descripcion, reportante_id, tecnico_id, estado_id, fecha_creacion, fechaiea, fecha_modificacion) VALUES (79, 'Proyector en modo abstracto', 'Aula 7', 'Creo que algun gracioso esta apagando pantallas', 12, 16, 1, '2025-05-08 15:14:08', '2025-05-09 15:21:42', '2025-05-09 20:01:59');
INSERT INTO Incidencia (id, titulo, ubicacion, descripcion, reportante_id, tecnico_id, estado_id, fecha_creacion, fechaiea, fecha_modificacion) VALUES (80, 'Error de impresión', 'Aula 3', 'No responde al intentar imprimir.', 11, 16, 2, '2025-05-05 17:54:20', '2025-05-06 02:52:51', '2025-05-06 13:48:55');
INSERT INTO Incidencia (id, titulo, ubicacion, descripcion, reportante_id, tecnico_id, estado_id, fecha_creacion, fechaiea, fecha_modificacion) VALUES (81, 'Internet con pedal', 'Aula 6', 'Cargar una web requiere pacto con fuerzas oscuras.', 10, 17, 2, '2025-05-09 21:54:05', '2025-05-10 03:46:05', '2025-05-11 16:16:37');
INSERT INTO Incidencia (id, titulo, ubicacion, descripcion, reportante_id, tecnico_id, estado_id, fecha_creacion, fechaiea, fecha_modificacion) VALUES (82, 'Fallo de audio', 'Aula 16', 'No se escucha nada a través de los altavoces.', 23, 14, 6, '2025-05-12 11:39:55', '2025-05-13 11:12:50', '2025-05-15 00:56:50');
INSERT INTO Incidencia (id, titulo, ubicacion, descripcion, reportante_id, tecnico_id, estado_id, fecha_creacion, fechaiea, fecha_modificacion) VALUES (83, 'Fallo de audio', 'Aula 8', 'El audio suena entrecortado o distorsionado.', 1, 13, 1, '2025-05-09 09:08:14', '2025-05-10 16:53:01', '2025-05-12 01:24:29');
INSERT INTO Incidencia (id, titulo, ubicacion, descripcion, reportante_id, tecnico_id, estado_id, fecha_creacion, fechaiea, fecha_modificacion) VALUES (84, 'Audio distorsionado', 'Aula 3', 'No se detecta ningún dispositivo de audio.', 23, 14, 2, '2025-05-15 16:33:44', '2025-05-15 21:21:25', '2025-05-16 18:19:39');
INSERT INTO Incidencia (id, titulo, ubicacion, descripcion, reportante_id, tecnico_id, estado_id, fecha_creacion, fechaiea, fecha_modificacion) VALUES (85, 'Teclas no funcionan', 'Aula 6', 'Algunas teclas del teclado no funcionan.', 9, 5, 5, '2025-05-08 10:42:01', '2025-05-08 12:21:42', '2025-05-10 02:22:58');
INSERT INTO Incidencia (id, titulo, ubicacion, descripcion, reportante_id, tecnico_id, estado_id, fecha_creacion, fechaiea, fecha_modificacion) VALUES (86, 'Silla con vida propia', 'Aula 13', 'Parece una prueba de resistencia psicológica más que un asiento.', 10, 18, 4, '2025-05-04 00:56:39', '2025-05-05 08:49:02', '2025-05-05 13:11:44');
INSERT INTO Incidencia (id, titulo, ubicacion, descripcion, reportante_id, tecnico_id, estado_id, fecha_creacion, fechaiea, fecha_modificacion) VALUES (87, 'Silla con vida propia', 'Aula 12', 'Se inclina como si quisiera invocar algo.', 23, 14, 6, '2025-05-08 16:08:16', '2025-05-09 19:13:19', '2025-05-11 04:28:50');
INSERT INTO Incidencia (id, titulo, ubicacion, descripcion, reportante_id, tecnico_id, estado_id, fecha_creacion, fechaiea, fecha_modificacion) VALUES (88, 'Teclas no funcionan', 'Aula 20', 'Teclas pulsadas producen caracteres incorrectos.', 12, 24, 4, '2025-05-11 05:04:15', '2025-05-11 08:45:45', '2025-05-12 04:08:30');
INSERT INTO Incidencia (id, titulo, ubicacion, descripcion, reportante_id, tecnico_id, estado_id, fecha_creacion, fechaiea, fecha_modificacion) VALUES (89, 'Problemas eléctricos', 'Aula 14', 'La corriente eléctrica se corta intermitentemente.', 1, 14, 5, '2025-05-04 08:57:48', '2025-05-04 20:25:12', '2025-05-06 05:36:07');
INSERT INTO Incidencia (id, titulo, ubicacion, descripcion, reportante_id, tecnico_id, estado_id, fecha_creacion, fechaiea, fecha_modificacion) VALUES (90, 'Internet con pedal', 'Aula 20', 'Zoom parece stop motion del siglo pasado.', 11, 24, 2, '2025-05-04 01:14:38', '2025-05-05 00:03:53', '2025-05-06 07:21:01');
INSERT INTO Incidencia (id, titulo, ubicacion, descripcion, reportante_id, tecnico_id, estado_id, fecha_creacion, fechaiea, fecha_modificacion) VALUES (91, 'Problemas de red', 'Aula 18', 'Interrupciones constantes en la red.', 8, 5, 5, '2025-05-09 07:17:49', '2025-05-09 18:37:17', '2025-05-10 04:09:35');
INSERT INTO Incidencia (id, titulo, ubicacion, descripcion, reportante_id, tecnico_id, estado_id, fecha_creacion, fechaiea, fecha_modificacion) VALUES (92, 'Ordenador no enciende', 'Aula 1', 'Se reinicia continuamente sin cargar Windows.', 9, 5, 5, '2025-05-04 13:07:40', '2025-05-05 20:06:53', '2025-05-07 08:19:11');
INSERT INTO Incidencia (id, titulo, ubicacion, descripcion, reportante_id, tecnico_id, estado_id, fecha_creacion, fechaiea, fecha_modificacion) VALUES (93, 'Aplicación no se inicia', 'Aula 7', 'La aplicación se cierra inesperadamente.', 11, 14, 6, '2025-05-10 13:34:20', '2025-05-10 22:12:50', '2025-05-12 10:28:03');
INSERT INTO Incidencia (id, titulo, ubicacion, descripcion, reportante_id, tecnico_id, estado_id, fecha_creacion, fechaiea, fecha_modificacion) VALUES (94, 'Fallo en ventilación', 'Aula 1', 'Hace mas calor que en la comunion de charmander', 10, 17, 2, '2025-05-13 20:22:01', '2025-05-14 18:09:06', '2025-05-15 01:05:28');
INSERT INTO Incidencia (id, titulo, ubicacion, descripcion, reportante_id, tecnico_id, estado_id, fecha_creacion, fechaiea, fecha_modificacion) VALUES (95, 'Fallo de entrada de teclado', 'Aula 8', 'Algunas teclas del teclado no funcionan.', 11, 17, 6, '2025-05-07 19:48:48', '2025-05-08 06:02:33', '2025-05-08 08:13:02');
INSERT INTO Incidencia (id, titulo, ubicacion, descripcion, reportante_id, tecnico_id, estado_id, fecha_creacion, fechaiea, fecha_modificacion) VALUES (96, 'Cámara sin imagen', 'Aula 19', 'La cámara no transmite video en directo.', 2, 18, 1, '2025-05-13 06:34:35', '2025-05-14 20:40:07', '2025-05-15 07:07:41');
INSERT INTO Incidencia (id, titulo, ubicacion, descripcion, reportante_id, tecnico_id, estado_id, fecha_creacion, fechaiea, fecha_modificacion) VALUES (97, 'Proyector no responde', 'Aula 1', 'El proyector no responde al encenderlo.', 3, 14, 6, '2025-05-02 00:06:15', '2025-05-02 03:26:26', '2025-05-03 12:05:43');
INSERT INTO Incidencia (id, titulo, ubicacion, descripcion, reportante_id, tecnico_id, estado_id, fecha_creacion, fechaiea, fecha_modificacion) VALUES (98, 'Sonido incontrolable', 'Aula 14', 'Llevamos 3 horas en clase con luismi, no hay mas que decir.', 23, 17, 5, '2025-05-16 00:17:57', '2025-05-16 09:30:55', '2025-05-16 20:32:48');
INSERT INTO Incidencia (id, titulo, ubicacion, descripcion, reportante_id, tecnico_id, estado_id, fecha_creacion, fechaiea, fecha_modificacion) VALUES (99, 'Audio distorsionado', 'Aula 19', 'Los altavoces emiten zumbidos o interferencias.', 11, 13, 1, '2025-05-10 22:17:58', '2025-05-12 00:20:08', '2025-05-12 07:10:36');
INSERT INTO Incidencia (id, titulo, ubicacion, descripcion, reportante_id, tecnico_id, estado_id, fecha_creacion, fechaiea, fecha_modificacion) VALUES (100, 'Tablet bloqueada', 'Aula 1', 'La tablet se queda congelada en el arranque.', 12, 17, 1, '2025-05-17 23:07:15', '2025-05-19 12:26:52', '2025-05-20 23:06:52');
INSERT INTO Incidencia (id, titulo, ubicacion, descripcion, reportante_id, tecnico_id, estado_id, fecha_creacion, fechaiea, fecha_modificacion) VALUES (101, 'Asiento de tortura medieval', 'Aula 5', 'Parece una prueba de resistencia psicológica más que un asiento.', 12, 17, 4, '2025-05-16 22:35:19', '2025-05-18 07:37:35', '2025-05-19 09:24:51');
INSERT INTO Incidencia (id, titulo, ubicacion, descripcion, reportante_id, tecnico_id, estado_id, fecha_creacion, fechaiea, fecha_modificacion) VALUES (102, 'Frío excesivo', 'Aula 5', 'El sistema de calefacción hace ruidos extraños.', 12, 24, 3, '2025-05-03 08:05:28', '2025-05-04 09:10:59', '2025-05-05 04:45:54');
INSERT INTO Incidencia (id, titulo, ubicacion, descripcion, reportante_id, tecnico_id, estado_id, fecha_creacion, fechaiea, fecha_modificacion) VALUES (103, 'Teclado roto', 'Aula 8', 'El teclado se desconecta de forma intermitente.', 11, 14, 6, '2025-05-15 15:10:42', '2025-05-17 00:01:58', '2025-05-18 01:01:40');
INSERT INTO Incidencia (id, titulo, ubicacion, descripcion, reportante_id, tecnico_id, estado_id, fecha_creacion, fechaiea, fecha_modificacion) VALUES (104, 'Red más lenta que un caracol cojo', 'Aula 14', 'Zoom parece stop motion del siglo pasado.', 9, 13, 4, '2025-05-18 03:24:20', '2025-05-19 00:25:55', '2025-05-19 12:35:50');
INSERT INTO Incidencia (id, titulo, ubicacion, descripcion, reportante_id, tecnico_id, estado_id, fecha_creacion, fechaiea, fecha_modificacion) VALUES (105, 'Cámara no detectada', 'Aula 7', 'La cámara aparece desconectada en el sistema.', 11, 20, 6, '2025-05-04 17:56:52', '2025-05-06 02:42:11', '2025-05-06 23:37:38');
INSERT INTO Incidencia (id, titulo, ubicacion, descripcion, reportante_id, tecnico_id, estado_id, fecha_creacion, fechaiea, fecha_modificacion) VALUES (106, 'Fallo de energía', 'Aula 16', 'Se huele a quemado cerca de los enchufes.Javi ha tumbado la red electrica nacional.', 2, 15, 5, '2025-05-13 19:14:42', '2025-05-14 03:47:53', '2025-05-14 05:01:03');
INSERT INTO Incidencia (id, titulo, ubicacion, descripcion, reportante_id, tecnico_id, estado_id, fecha_creacion, fechaiea, fecha_modificacion) VALUES (107, 'Conexión Wi-Fi de la Edad de Piedra', 'Aula 8', 'Zoom parece stop motion del siglo pasado.', 10, 16, 3, '2025-05-01 19:50:11', '2025-05-03 07:12:03', '2025-05-04 12:49:33');
INSERT INTO Incidencia (id, titulo, ubicacion, descripcion, reportante_id, tecnico_id, estado_id, fecha_creacion, fechaiea, fecha_modificacion) VALUES (108, 'Ordenador no enciende', 'Aula 17', 'El sistema operativo no puede completar el arranque.', 23, 18, 3, '2025-05-16 22:00:24', '2025-05-17 13:08:23', '2025-05-17 13:32:02');
INSERT INTO Incidencia (id, titulo, ubicacion, descripcion, reportante_id, tecnico_id, estado_id, fecha_creacion, fechaiea, fecha_modificacion) VALUES (109, 'Cámara no detectada', 'Aula 5', 'La cámara no transmite video en directo.', 8, 18, 5, '2025-05-03 16:58:22', '2025-05-04 14:43:16', '2025-05-05 15:54:06');
ALTER TABLE Incidencia ALTER COLUMN id RESTART WITH 110;
INSERT INTO historial_estados (incidencia_id, estado_inicial_id, estado_actual_id, fecha_comienzo, fecha_final) VALUES (NULL, 5, 1, '2025-05-02 03:24:00', '2025-05-02 09:49:00');
INSERT INTO historial_estados (incidencia_id, estado_inicial_id, estado_actual_id, fecha_comienzo, fecha_final) VALUES (NULL, 1, 6, '2025-05-02 09:49:00', '2025-05-02 14:58:00');
INSERT INTO historial_estados (incidencia_id, estado_inicial_id, estado_actual_id, fecha_comienzo, fecha_final) VALUES (0, 6, 3, '2025-05-02 14:58:00', '2025-05-04 13:15:26');
INSERT INTO historial_estados (incidencia_id, estado_inicial_id, estado_actual_id, fecha_comienzo, fecha_final) VALUES (NULL, 5, 6, '2025-05-09 02:49:12', '2025-05-09 14:05:12');
INSERT INTO historial_estados (incidencia_id, estado_inicial_id, estado_actual_id, fecha_comienzo, fecha_final) VALUES (NULL, 6, 1, '2025-05-09 14:05:12', '2025-05-10 05:01:12');
INSERT INTO historial_estados (incidencia_id, estado_inicial_id, estado_actual_id, fecha_comienzo, fecha_final) VALUES (1, 1, 3, '2025-05-10 05:01:12', '2025-05-10 09:09:18');
INSERT INTO historial_estados (incidencia_id, estado_inicial_id, estado_actual_id, fecha_comienzo, fecha_final) VALUES (NULL, 5, 1, '2025-05-15 14:31:52', '2025-05-15 20:30:52');
INSERT INTO historial_estados (incidencia_id, estado_inicial_id, estado_actual_id, fecha_comienzo, fecha_final) VALUES (NULL, 1, 5, '2025-05-15 20:30:52', '2025-05-16 01:25:52');
INSERT INTO historial_estados (incidencia_id, estado_inicial_id, estado_actual_id, fecha_comienzo, fecha_final) VALUES (2, 5, 3, '2025-05-16 01:25:52', '2025-05-16 23:38:21');
INSERT INTO historial_estados (incidencia_id, estado_inicial_id, estado_actual_id, fecha_comienzo, fecha_final) VALUES (3, 5, 6, '2025-05-06 09:05:52', '2025-05-07 10:13:47');
INSERT INTO historial_estados (incidencia_id, estado_inicial_id, estado_actual_id, fecha_comienzo, fecha_final) VALUES (NULL, 5, 3, '2025-05-09 21:00:15', '2025-05-10 16:44:15');
INSERT INTO historial_estados (incidencia_id, estado_inicial_id, estado_actual_id, fecha_comienzo, fecha_final) VALUES (4, 3, 2, '2025-05-10 16:44:15', '2025-05-11 00:35:21');
INSERT INTO historial_estados (incidencia_id, estado_inicial_id, estado_actual_id, fecha_comienzo, fecha_final) VALUES (6, 5, 5, '2025-05-09 23:30:45', '2025-05-11 04:22:57');
INSERT INTO historial_estados (incidencia_id, estado_inicial_id, estado_actual_id, fecha_comienzo, fecha_final) VALUES (7, 5, 3, '2025-05-08 14:23:59', '2025-05-09 06:18:41');
INSERT INTO historial_estados (incidencia_id, estado_inicial_id, estado_actual_id, fecha_comienzo, fecha_final) VALUES (8, 5, 1, '2025-05-02 15:33:42', '2025-05-04 11:46:13');
INSERT INTO historial_estados (incidencia_id, estado_inicial_id, estado_actual_id, fecha_comienzo, fecha_final) VALUES (NULL, 5, 1, '2025-05-10 14:11:04', '2025-05-11 14:39:04');
INSERT INTO historial_estados (incidencia_id, estado_inicial_id, estado_actual_id, fecha_comienzo, fecha_final) VALUES (9, 1, 6, '2025-05-11 14:39:04', '2025-05-11 22:01:54');
INSERT INTO historial_estados (incidencia_id, estado_inicial_id, estado_actual_id, fecha_comienzo, fecha_final) VALUES (10, 5, 2, '2025-05-09 23:48:38', '2025-05-12 03:10:42');
INSERT INTO historial_estados (incidencia_id, estado_inicial_id, estado_actual_id, fecha_comienzo, fecha_final) VALUES (11, 5, 2, '2025-05-07 00:18:05', '2025-05-09 07:09:14');
INSERT INTO historial_estados (incidencia_id, estado_inicial_id, estado_actual_id, fecha_comienzo, fecha_final) VALUES (NULL, 5, 3, '2025-05-04 17:16:53', '2025-05-05 04:43:53');
INSERT INTO historial_estados (incidencia_id, estado_inicial_id, estado_actual_id, fecha_comienzo, fecha_final) VALUES (13, 3, 1, '2025-05-05 04:43:53', '2025-05-05 15:11:14');
INSERT INTO historial_estados (incidencia_id, estado_inicial_id, estado_actual_id, fecha_comienzo, fecha_final) VALUES (15, 5, 3, '2025-05-05 11:06:15', '2025-05-06 13:16:36');
INSERT INTO historial_estados (incidencia_id, estado_inicial_id, estado_actual_id, fecha_comienzo, fecha_final) VALUES (NULL, 5, 6, '2025-05-18 16:18:16', '2025-05-19 14:58:16');
INSERT INTO historial_estados (incidencia_id, estado_inicial_id, estado_actual_id, fecha_comienzo, fecha_final) VALUES (NULL, 6, 5, '2025-05-19 14:58:16', '2025-05-20 15:19:16');
INSERT INTO historial_estados (incidencia_id, estado_inicial_id, estado_actual_id, fecha_comienzo, fecha_final) VALUES (16, 5, 5, '2025-05-20 15:19:16', '2025-05-21 19:03:55');
INSERT INTO historial_estados (incidencia_id, estado_inicial_id, estado_actual_id, fecha_comienzo, fecha_final) VALUES (NULL, 5, 3, '2025-05-05 17:14:40', '2025-05-06 13:36:40');
INSERT INTO historial_estados (incidencia_id, estado_inicial_id, estado_actual_id, fecha_comienzo, fecha_final) VALUES (17, 3, 1, '2025-05-06 13:36:40', '2025-05-07 20:46:49');
INSERT INTO historial_estados (incidencia_id, estado_inicial_id, estado_actual_id, fecha_comienzo, fecha_final) VALUES (NULL, 5, 4, '2025-05-03 10:53:35', '2025-05-04 04:57:35');
INSERT INTO historial_estados (incidencia_id, estado_inicial_id, estado_actual_id, fecha_comienzo, fecha_final) VALUES (18, 4, 2, '2025-05-04 04:57:35', '2025-05-05 08:40:50');
INSERT INTO historial_estados (incidencia_id, estado_inicial_id, estado_actual_id, fecha_comienzo, fecha_final) VALUES (NULL, 5, 1, '2025-05-07 08:25:33', '2025-05-07 10:49:33');
INSERT INTO historial_estados (incidencia_id, estado_inicial_id, estado_actual_id, fecha_comienzo, fecha_final) VALUES (NULL, 1, 5, '2025-05-07 10:49:33', '2025-05-07 13:06:33');
INSERT INTO historial_estados (incidencia_id, estado_inicial_id, estado_actual_id, fecha_comienzo, fecha_final) VALUES (19, 5, 1, '2025-05-07 13:06:33', '2025-05-07 20:42:31');
INSERT INTO historial_estados (incidencia_id, estado_inicial_id, estado_actual_id, fecha_comienzo, fecha_final) VALUES (NULL, 5, 2, '2025-05-08 20:41:02', '2025-05-09 19:37:02');
INSERT INTO historial_estados (incidencia_id, estado_inicial_id, estado_actual_id, fecha_comienzo, fecha_final) VALUES (NULL, 2, 4, '2025-05-09 19:37:02', '2025-05-10 20:30:02');
INSERT INTO historial_estados (incidencia_id, estado_inicial_id, estado_actual_id, fecha_comienzo, fecha_final) VALUES (21, 4, 4, '2025-05-10 20:30:02', '2025-05-12 02:41:36');
INSERT INTO historial_estados (incidencia_id, estado_inicial_id, estado_actual_id, fecha_comienzo, fecha_final) VALUES (NULL, 5, 2, '2025-05-14 23:53:14', '2025-05-15 08:11:14');
INSERT INTO historial_estados (incidencia_id, estado_inicial_id, estado_actual_id, fecha_comienzo, fecha_final) VALUES (NULL, 2, 1, '2025-05-15 08:11:14', '2025-05-15 12:42:14');
INSERT INTO historial_estados (incidencia_id, estado_inicial_id, estado_actual_id, fecha_comienzo, fecha_final) VALUES (22, 1, 5, '2025-05-15 12:42:14', '2025-05-16 18:33:57');
INSERT INTO historial_estados (incidencia_id, estado_inicial_id, estado_actual_id, fecha_comienzo, fecha_final) VALUES (NULL, 5, 6, '2025-05-18 04:07:49', '2025-05-18 13:12:49');
INSERT INTO historial_estados (incidencia_id, estado_inicial_id, estado_actual_id, fecha_comienzo, fecha_final) VALUES (23, 6, 5, '2025-05-18 13:12:49', '2025-05-19 22:28:19');
INSERT INTO historial_estados (incidencia_id, estado_inicial_id, estado_actual_id, fecha_comienzo, fecha_final) VALUES (NULL, 5, 6, '2025-05-18 10:13:33', '2025-05-18 22:23:33');
INSERT INTO historial_estados (incidencia_id, estado_inicial_id, estado_actual_id, fecha_comienzo, fecha_final) VALUES (25, 6, 5, '2025-05-18 22:23:33', '2025-05-20 01:05:52');
INSERT INTO historial_estados (incidencia_id, estado_inicial_id, estado_actual_id, fecha_comienzo, fecha_final) VALUES (NULL, 5, 4, '2025-05-18 20:22:29', '2025-05-19 15:37:29');
INSERT INTO historial_estados (incidencia_id, estado_inicial_id, estado_actual_id, fecha_comienzo, fecha_final) VALUES (26, 4, 5, '2025-05-19 15:37:29', '2025-05-20 04:17:20');
INSERT INTO historial_estados (incidencia_id, estado_inicial_id, estado_actual_id, fecha_comienzo, fecha_final) VALUES (NULL, 5, 2, '2025-05-16 23:17:36', '2025-05-17 03:47:36');
INSERT INTO historial_estados (incidencia_id, estado_inicial_id, estado_actual_id, fecha_comienzo, fecha_final) VALUES (NULL, 2, 4, '2025-05-17 03:47:36', '2025-05-18 01:20:36');
INSERT INTO historial_estados (incidencia_id, estado_inicial_id, estado_actual_id, fecha_comienzo, fecha_final) VALUES (29, 4, 1, '2025-05-18 01:20:36', '2025-05-18 21:36:22');
INSERT INTO historial_estados (incidencia_id, estado_inicial_id, estado_actual_id, fecha_comienzo, fecha_final) VALUES (NULL, 5, 4, '2025-05-17 10:03:21', '2025-05-18 02:27:21');
INSERT INTO historial_estados (incidencia_id, estado_inicial_id, estado_actual_id, fecha_comienzo, fecha_final) VALUES (30, 4, 1, '2025-05-18 02:27:21', '2025-05-19 17:34:27');
INSERT INTO historial_estados (incidencia_id, estado_inicial_id, estado_actual_id, fecha_comienzo, fecha_final) VALUES (NULL, 5, 4, '2025-05-18 14:39:41', '2025-05-19 00:40:41');
INSERT INTO historial_estados (incidencia_id, estado_inicial_id, estado_actual_id, fecha_comienzo, fecha_final) VALUES (NULL, 4, 3, '2025-05-19 00:40:41', '2025-05-19 01:42:41');
INSERT INTO historial_estados (incidencia_id, estado_inicial_id, estado_actual_id, fecha_comienzo, fecha_final) VALUES (31, 3, 2, '2025-05-19 01:42:41', '2025-05-19 01:44:21');
INSERT INTO historial_estados (incidencia_id, estado_inicial_id, estado_actual_id, fecha_comienzo, fecha_final) VALUES (32, 5, 3, '2025-05-09 19:53:55', '2025-05-12 18:22:20');
INSERT INTO historial_estados (incidencia_id, estado_inicial_id, estado_actual_id, fecha_comienzo, fecha_final) VALUES (NULL, 5, 3, '2025-05-07 09:20:08', '2025-05-07 21:12:08');
INSERT INTO historial_estados (incidencia_id, estado_inicial_id, estado_actual_id, fecha_comienzo, fecha_final) VALUES (NULL, 3, 4, '2025-05-07 21:12:08', '2025-05-07 23:45:08');
INSERT INTO historial_estados (incidencia_id, estado_inicial_id, estado_actual_id, fecha_comienzo, fecha_final) VALUES (33, 4, 2, '2025-05-07 23:45:08', '2025-05-08 01:20:12');
INSERT INTO historial_estados (incidencia_id, estado_inicial_id, estado_actual_id, fecha_comienzo, fecha_final) VALUES (NULL, 5, 2, '2025-05-12 04:46:41', '2025-05-12 08:43:41');
INSERT INTO historial_estados (incidencia_id, estado_inicial_id, estado_actual_id, fecha_comienzo, fecha_final) VALUES (NULL, 2, 3, '2025-05-12 08:43:41', '2025-05-12 10:24:41');
INSERT INTO historial_estados (incidencia_id, estado_inicial_id, estado_actual_id, fecha_comienzo, fecha_final) VALUES (35, 3, 6, '2025-05-12 10:24:41', '2025-05-12 19:28:21');
INSERT INTO historial_estados (incidencia_id, estado_inicial_id, estado_actual_id, fecha_comienzo, fecha_final) VALUES (NULL, 5, 2, '2025-05-14 02:38:32', '2025-05-14 21:58:32');
INSERT INTO historial_estados (incidencia_id, estado_inicial_id, estado_actual_id, fecha_comienzo, fecha_final) VALUES (NULL, 2, 4, '2025-05-14 21:58:32', '2025-05-15 05:01:32');
INSERT INTO historial_estados (incidencia_id, estado_inicial_id, estado_actual_id, fecha_comienzo, fecha_final) VALUES (37, 4, 1, '2025-05-15 05:01:32', '2025-05-16 06:05:18');
INSERT INTO historial_estados (incidencia_id, estado_inicial_id, estado_actual_id, fecha_comienzo, fecha_final) VALUES (NULL, 5, 1, '2025-05-10 13:49:13', '2025-05-10 18:26:13');
INSERT INTO historial_estados (incidencia_id, estado_inicial_id, estado_actual_id, fecha_comienzo, fecha_final) VALUES (NULL, 1, 4, '2025-05-10 18:26:13', '2025-05-11 13:29:13');
INSERT INTO historial_estados (incidencia_id, estado_inicial_id, estado_actual_id, fecha_comienzo, fecha_final) VALUES (38, 4, 2, '2025-05-11 13:29:13', '2025-05-12 05:00:45');
INSERT INTO historial_estados (incidencia_id, estado_inicial_id, estado_actual_id, fecha_comienzo, fecha_final) VALUES (39, 5, 5, '2025-05-14 14:48:51', '2025-05-15 05:01:34');
INSERT INTO historial_estados (incidencia_id, estado_inicial_id, estado_actual_id, fecha_comienzo, fecha_final) VALUES (NULL, 5, 2, '2025-05-04 15:41:38', '2025-05-05 01:16:38');
INSERT INTO historial_estados (incidencia_id, estado_inicial_id, estado_actual_id, fecha_comienzo, fecha_final) VALUES (NULL, 2, 5, '2025-05-05 01:16:38', '2025-05-05 18:32:38');
INSERT INTO historial_estados (incidencia_id, estado_inicial_id, estado_actual_id, fecha_comienzo, fecha_final) VALUES (41, 5, 2, '2025-05-05 18:32:38', '2025-05-05 22:33:55');
INSERT INTO historial_estados (incidencia_id, estado_inicial_id, estado_actual_id, fecha_comienzo, fecha_final) VALUES (NULL, 5, 4, '2025-05-16 22:12:14', '2025-05-17 16:57:14');
INSERT INTO historial_estados (incidencia_id, estado_inicial_id, estado_actual_id, fecha_comienzo, fecha_final) VALUES (42, 4, 5, '2025-05-17 16:57:14', '2025-05-19 12:48:56');
INSERT INTO historial_estados (incidencia_id, estado_inicial_id, estado_actual_id, fecha_comienzo, fecha_final) VALUES (43, 5, 5, '2025-05-07 22:27:38', '2025-05-08 19:23:57');
INSERT INTO historial_estados (incidencia_id, estado_inicial_id, estado_actual_id, fecha_comienzo, fecha_final) VALUES (NULL, 5, 3, '2025-05-03 23:10:15', '2025-05-04 23:47:15');
INSERT INTO historial_estados (incidencia_id, estado_inicial_id, estado_actual_id, fecha_comienzo, fecha_final) VALUES (44, 3, 5, '2025-05-04 23:47:15', '2025-05-06 23:01:48');
INSERT INTO historial_estados (incidencia_id, estado_inicial_id, estado_actual_id, fecha_comienzo, fecha_final) VALUES (NULL, 5, 2, '2025-05-15 10:25:33', '2025-05-16 02:30:33');
INSERT INTO historial_estados (incidencia_id, estado_inicial_id, estado_actual_id, fecha_comienzo, fecha_final) VALUES (NULL, 2, 5, '2025-05-16 02:30:33', '2025-05-16 08:28:33');
INSERT INTO historial_estados (incidencia_id, estado_inicial_id, estado_actual_id, fecha_comienzo, fecha_final) VALUES (46, 5, 3, '2025-05-16 08:28:33', '2025-05-16 12:30:00');
INSERT INTO historial_estados (incidencia_id, estado_inicial_id, estado_actual_id, fecha_comienzo, fecha_final) VALUES (NULL, 5, 2, '2025-05-08 22:28:04', '2025-05-09 16:34:04');
INSERT INTO historial_estados (incidencia_id, estado_inicial_id, estado_actual_id, fecha_comienzo, fecha_final) VALUES (47, 2, 3, '2025-05-09 16:34:04', '2025-05-11 09:28:50');
INSERT INTO historial_estados (incidencia_id, estado_inicial_id, estado_actual_id, fecha_comienzo, fecha_final) VALUES (NULL, 5, 2, '2025-05-04 22:00:02', '2025-05-05 12:05:02');
INSERT INTO historial_estados (incidencia_id, estado_inicial_id, estado_actual_id, fecha_comienzo, fecha_final) VALUES (NULL, 2, 5, '2025-05-05 12:05:02', '2025-05-05 19:28:02');
INSERT INTO historial_estados (incidencia_id, estado_inicial_id, estado_actual_id, fecha_comienzo, fecha_final) VALUES (48, 5, 4, '2025-05-05 19:28:02', '2025-05-06 18:44:04');
INSERT INTO historial_estados (incidencia_id, estado_inicial_id, estado_actual_id, fecha_comienzo, fecha_final) VALUES (49, 5, 3, '2025-05-08 13:58:29', '2025-05-10 05:35:14');
INSERT INTO historial_estados (incidencia_id, estado_inicial_id, estado_actual_id, fecha_comienzo, fecha_final) VALUES (NULL, 5, 2, '2025-05-02 05:01:55', '2025-05-02 08:43:55');
INSERT INTO historial_estados (incidencia_id, estado_inicial_id, estado_actual_id, fecha_comienzo, fecha_final) VALUES (50, 2, 5, '2025-05-02 08:43:55', '2025-05-04 06:45:51');
INSERT INTO historial_estados (incidencia_id, estado_inicial_id, estado_actual_id, fecha_comienzo, fecha_final) VALUES (NULL, 5, 2, '2025-05-01 00:24:45', '2025-05-01 15:01:45');
INSERT INTO historial_estados (incidencia_id, estado_inicial_id, estado_actual_id, fecha_comienzo, fecha_final) VALUES (51, 2, 5, '2025-05-01 15:01:45', '2025-05-02 21:21:13');
INSERT INTO historial_estados (incidencia_id, estado_inicial_id, estado_actual_id, fecha_comienzo, fecha_final) VALUES (52, 5, 5, '2025-05-16 21:47:02', '2025-05-18 23:37:02');
INSERT INTO historial_estados (incidencia_id, estado_inicial_id, estado_actual_id, fecha_comienzo, fecha_final) VALUES (53, 5, 5, '2025-05-01 21:23:53', '2025-05-03 19:57:55');
INSERT INTO historial_estados (incidencia_id, estado_inicial_id, estado_actual_id, fecha_comienzo, fecha_final) VALUES (54, 5, 6, '2025-05-09 11:20:09', '2025-05-12 00:08:01');
INSERT INTO historial_estados (incidencia_id, estado_inicial_id, estado_actual_id, fecha_comienzo, fecha_final) VALUES (NULL, 5, 1, '2025-05-01 08:41:34', '2025-05-02 03:09:34');
INSERT INTO historial_estados (incidencia_id, estado_inicial_id, estado_actual_id, fecha_comienzo, fecha_final) VALUES (NULL, 1, 6, '2025-05-02 03:09:34', '2025-05-02 11:32:34');
INSERT INTO historial_estados (incidencia_id, estado_inicial_id, estado_actual_id, fecha_comienzo, fecha_final) VALUES (55, 6, 4, '2025-05-02 11:32:34', '2025-05-03 21:36:11');
INSERT INTO historial_estados (incidencia_id, estado_inicial_id, estado_actual_id, fecha_comienzo, fecha_final) VALUES (NULL, 5, 3, '2025-05-14 14:21:11', '2025-05-15 09:34:11');
INSERT INTO historial_estados (incidencia_id, estado_inicial_id, estado_actual_id, fecha_comienzo, fecha_final) VALUES (56, 3, 1, '2025-05-15 09:34:11', '2025-05-16 01:55:05');
INSERT INTO historial_estados (incidencia_id, estado_inicial_id, estado_actual_id, fecha_comienzo, fecha_final) VALUES (57, 5, 3, '2025-05-02 10:37:05', '2025-05-02 23:36:36');
INSERT INTO historial_estados (incidencia_id, estado_inicial_id, estado_actual_id, fecha_comienzo, fecha_final) VALUES (NULL, 5, 6, '2025-05-17 22:16:51', '2025-05-18 09:36:51');
INSERT INTO historial_estados (incidencia_id, estado_inicial_id, estado_actual_id, fecha_comienzo, fecha_final) VALUES (NULL, 6, 3, '2025-05-18 09:36:51', '2025-05-18 12:15:51');
INSERT INTO historial_estados (incidencia_id, estado_inicial_id, estado_actual_id, fecha_comienzo, fecha_final) VALUES (58, 3, 2, '2025-05-18 12:15:51', '2025-05-18 17:25:50');
INSERT INTO historial_estados (incidencia_id, estado_inicial_id, estado_actual_id, fecha_comienzo, fecha_final) VALUES (61, 5, 5, '2025-05-04 13:10:30', '2025-05-05 15:20:03');
INSERT INTO historial_estados (incidencia_id, estado_inicial_id, estado_actual_id, fecha_comienzo, fecha_final) VALUES (62, 5, 2, '2025-05-07 21:55:57', '2025-05-08 18:25:56');
INSERT INTO historial_estados (incidencia_id, estado_inicial_id, estado_actual_id, fecha_comienzo, fecha_final) VALUES (63, 5, 6, '2025-05-07 09:27:22', '2025-05-09 01:39:30');
INSERT INTO historial_estados (incidencia_id, estado_inicial_id, estado_actual_id, fecha_comienzo, fecha_final) VALUES (64, 5, 4, '2025-05-13 22:36:39', '2025-05-15 12:07:16');
INSERT INTO historial_estados (incidencia_id, estado_inicial_id, estado_actual_id, fecha_comienzo, fecha_final) VALUES (NULL, 5, 4, '2025-05-03 12:44:31', '2025-05-03 23:12:31');
INSERT INTO historial_estados (incidencia_id, estado_inicial_id, estado_actual_id, fecha_comienzo, fecha_final) VALUES (67, 4, 2, '2025-05-03 23:12:31', '2025-05-05 05:44:26');
INSERT INTO historial_estados (incidencia_id, estado_inicial_id, estado_actual_id, fecha_comienzo, fecha_final) VALUES (NULL, 5, 1, '2025-05-14 04:51:32', '2025-05-14 08:16:32');
INSERT INTO historial_estados (incidencia_id, estado_inicial_id, estado_actual_id, fecha_comienzo, fecha_final) VALUES (68, 1, 2, '2025-05-14 08:16:32', '2025-05-15 08:04:52');
INSERT INTO historial_estados (incidencia_id, estado_inicial_id, estado_actual_id, fecha_comienzo, fecha_final) VALUES (69, 5, 6, '2025-05-05 00:34:18', '2025-05-06 08:51:45');
INSERT INTO historial_estados (incidencia_id, estado_inicial_id, estado_actual_id, fecha_comienzo, fecha_final) VALUES (70, 5, 6, '2025-05-01 07:08:01', '2025-05-02 06:47:24');
INSERT INTO historial_estados (incidencia_id, estado_inicial_id, estado_actual_id, fecha_comienzo, fecha_final) VALUES (NULL, 5, 6, '2025-05-10 01:32:14', '2025-05-10 08:21:14');
INSERT INTO historial_estados (incidencia_id, estado_inicial_id, estado_actual_id, fecha_comienzo, fecha_final) VALUES (NULL, 6, 3, '2025-05-10 08:21:14', '2025-05-11 04:26:14');
INSERT INTO historial_estados (incidencia_id, estado_inicial_id, estado_actual_id, fecha_comienzo, fecha_final) VALUES (71, 3, 5, '2025-05-11 04:26:14', '2025-05-11 15:34:30');
INSERT INTO historial_estados (incidencia_id, estado_inicial_id, estado_actual_id, fecha_comienzo, fecha_final) VALUES (NULL, 5, 4, '2025-05-16 21:33:18', '2025-05-17 03:47:18');
INSERT INTO historial_estados (incidencia_id, estado_inicial_id, estado_actual_id, fecha_comienzo, fecha_final) VALUES (72, 4, 5, '2025-05-17 03:47:18', '2025-05-18 11:42:05');
INSERT INTO historial_estados (incidencia_id, estado_inicial_id, estado_actual_id, fecha_comienzo, fecha_final) VALUES (73, 5, 6, '2025-05-15 16:24:14', '2025-05-17 09:06:32');
INSERT INTO historial_estados (incidencia_id, estado_inicial_id, estado_actual_id, fecha_comienzo, fecha_final) VALUES (NULL, 5, 6, '2025-05-11 17:48:11', '2025-05-12 01:40:11');
INSERT INTO historial_estados (incidencia_id, estado_inicial_id, estado_actual_id, fecha_comienzo, fecha_final) VALUES (74, 6, 2, '2025-05-12 01:40:11', '2025-05-13 03:57:44');
INSERT INTO historial_estados (incidencia_id, estado_inicial_id, estado_actual_id, fecha_comienzo, fecha_final) VALUES (NULL, 5, 3, '2025-05-17 06:45:38', '2025-05-17 15:43:38');
INSERT INTO historial_estados (incidencia_id, estado_inicial_id, estado_actual_id, fecha_comienzo, fecha_final) VALUES (NULL, 3, 6, '2025-05-17 15:43:38', '2025-05-17 17:50:38');
INSERT INTO historial_estados (incidencia_id, estado_inicial_id, estado_actual_id, fecha_comienzo, fecha_final) VALUES (75, 6, 6, '2025-05-17 17:50:38', '2025-05-19 23:39:03');
INSERT INTO historial_estados (incidencia_id, estado_inicial_id, estado_actual_id, fecha_comienzo, fecha_final) VALUES (NULL, 5, 6, '2025-05-01 21:25:33', '2025-05-02 17:12:33');
INSERT INTO historial_estados (incidencia_id, estado_inicial_id, estado_actual_id, fecha_comienzo, fecha_final) VALUES (76, 6, 3, '2025-05-02 17:12:33', '2025-05-03 16:40:09');
INSERT INTO historial_estados (incidencia_id, estado_inicial_id, estado_actual_id, fecha_comienzo, fecha_final) VALUES (NULL, 5, 6, '2025-05-12 18:21:29', '2025-05-13 13:33:29');
INSERT INTO historial_estados (incidencia_id, estado_inicial_id, estado_actual_id, fecha_comienzo, fecha_final) VALUES (NULL, 6, 4, '2025-05-13 13:33:29', '2025-05-14 01:14:29');
INSERT INTO historial_estados (incidencia_id, estado_inicial_id, estado_actual_id, fecha_comienzo, fecha_final) VALUES (77, 4, 3, '2025-05-14 01:14:29', '2025-05-14 03:36:10');
INSERT INTO historial_estados (incidencia_id, estado_inicial_id, estado_actual_id, fecha_comienzo, fecha_final) VALUES (NULL, 5, 1, '2025-05-05 03:16:06', '2025-05-05 21:40:06');
INSERT INTO historial_estados (incidencia_id, estado_inicial_id, estado_actual_id, fecha_comienzo, fecha_final) VALUES (78, 1, 5, '2025-05-05 21:40:06', '2025-05-07 13:50:51');
INSERT INTO historial_estados (incidencia_id, estado_inicial_id, estado_actual_id, fecha_comienzo, fecha_final) VALUES (NULL, 5, 4, '2025-05-08 15:14:08', '2025-05-08 20:59:08');
INSERT INTO historial_estados (incidencia_id, estado_inicial_id, estado_actual_id, fecha_comienzo, fecha_final) VALUES (79, 4, 1, '2025-05-08 20:59:08', '2025-05-09 20:01:59');
INSERT INTO historial_estados (incidencia_id, estado_inicial_id, estado_actual_id, fecha_comienzo, fecha_final) VALUES (NULL, 5, 3, '2025-05-05 17:54:20', '2025-05-06 01:49:20');
INSERT INTO historial_estados (incidencia_id, estado_inicial_id, estado_actual_id, fecha_comienzo, fecha_final) VALUES (NULL, 3, 6, '2025-05-06 01:49:20', '2025-05-06 10:07:20');
INSERT INTO historial_estados (incidencia_id, estado_inicial_id, estado_actual_id, fecha_comienzo, fecha_final) VALUES (80, 6, 2, '2025-05-06 10:07:20', '2025-05-06 13:48:55');
INSERT INTO historial_estados (incidencia_id, estado_inicial_id, estado_actual_id, fecha_comienzo, fecha_final) VALUES (NULL, 5, 2, '2025-05-09 21:54:05', '2025-05-10 20:04:05');
INSERT INTO historial_estados (incidencia_id, estado_inicial_id, estado_actual_id, fecha_comienzo, fecha_final) VALUES (NULL, 2, 5, '2025-05-10 20:04:05', '2025-05-11 09:53:05');
INSERT INTO historial_estados (incidencia_id, estado_inicial_id, estado_actual_id, fecha_comienzo, fecha_final) VALUES (81, 5, 2, '2025-05-11 09:53:05', '2025-05-11 16:16:37');
INSERT INTO historial_estados (incidencia_id, estado_inicial_id, estado_actual_id, fecha_comienzo, fecha_final) VALUES (NULL, 5, 2, '2025-05-12 11:39:55', '2025-05-13 08:27:55');
INSERT INTO historial_estados (incidencia_id, estado_inicial_id, estado_actual_id, fecha_comienzo, fecha_final) VALUES (82, 2, 6, '2025-05-13 08:27:55', '2025-05-15 00:56:50');
INSERT INTO historial_estados (incidencia_id, estado_inicial_id, estado_actual_id, fecha_comienzo, fecha_final) VALUES (NULL, 5, 1, '2025-05-09 09:08:14', '2025-05-09 17:37:14');
INSERT INTO historial_estados (incidencia_id, estado_inicial_id, estado_actual_id, fecha_comienzo, fecha_final) VALUES (83, 1, 1, '2025-05-09 17:37:14', '2025-05-12 01:24:29');
INSERT INTO historial_estados (incidencia_id, estado_inicial_id, estado_actual_id, fecha_comienzo, fecha_final) VALUES (NULL, 5, 1, '2025-05-15 16:33:44', '2025-05-15 21:38:44');
INSERT INTO historial_estados (incidencia_id, estado_inicial_id, estado_actual_id, fecha_comienzo, fecha_final) VALUES (84, 1, 2, '2025-05-15 21:38:44', '2025-05-16 18:19:39');
INSERT INTO historial_estados (incidencia_id, estado_inicial_id, estado_actual_id, fecha_comienzo, fecha_final) VALUES (85, 5, 5, '2025-05-08 10:42:01', '2025-05-10 02:22:58');
INSERT INTO historial_estados (incidencia_id, estado_inicial_id, estado_actual_id, fecha_comienzo, fecha_final) VALUES (NULL, 5, 2, '2025-05-04 00:56:39', '2025-05-04 10:35:39');
INSERT INTO historial_estados (incidencia_id, estado_inicial_id, estado_actual_id, fecha_comienzo, fecha_final) VALUES (86, 2, 4, '2025-05-04 10:35:39', '2025-05-05 13:11:44');
INSERT INTO historial_estados (incidencia_id, estado_inicial_id, estado_actual_id, fecha_comienzo, fecha_final) VALUES (NULL, 5, 6, '2025-05-08 16:08:16', '2025-05-09 04:32:16');
INSERT INTO historial_estados (incidencia_id, estado_inicial_id, estado_actual_id, fecha_comienzo, fecha_final) VALUES (87, 6, 6, '2025-05-09 04:32:16', '2025-05-11 04:28:50');
INSERT INTO historial_estados (incidencia_id, estado_inicial_id, estado_actual_id, fecha_comienzo, fecha_final) VALUES (NULL, 5, 4, '2025-05-04 01:14:38', '2025-05-04 03:49:38');
INSERT INTO historial_estados (incidencia_id, estado_inicial_id, estado_actual_id, fecha_comienzo, fecha_final) VALUES (90, 4, 2, '2025-05-04 03:49:38', '2025-05-06 07:21:01');
INSERT INTO historial_estados (incidencia_id, estado_inicial_id, estado_actual_id, fecha_comienzo, fecha_final) VALUES (91, 5, 5, '2025-05-09 07:17:49', '2025-05-10 04:09:35');
INSERT INTO historial_estados (incidencia_id, estado_inicial_id, estado_actual_id, fecha_comienzo, fecha_final) VALUES (NULL, 5, 4, '2025-05-04 13:07:40', '2025-05-05 04:20:40');
INSERT INTO historial_estados (incidencia_id, estado_inicial_id, estado_actual_id, fecha_comienzo, fecha_final) VALUES (92, 4, 5, '2025-05-05 04:20:40', '2025-05-07 08:19:11');
INSERT INTO historial_estados (incidencia_id, estado_inicial_id, estado_actual_id, fecha_comienzo, fecha_final) VALUES (NULL, 5, 4, '2025-05-10 13:34:20', '2025-05-11 07:08:20');
INSERT INTO historial_estados (incidencia_id, estado_inicial_id, estado_actual_id, fecha_comienzo, fecha_final) VALUES (93, 4, 6, '2025-05-11 07:08:20', '2025-05-12 10:28:03');
INSERT INTO historial_estados (incidencia_id, estado_inicial_id, estado_actual_id, fecha_comienzo, fecha_final) VALUES (NULL, 5, 3, '2025-05-13 20:22:01', '2025-05-14 10:38:01');
INSERT INTO historial_estados (incidencia_id, estado_inicial_id, estado_actual_id, fecha_comienzo, fecha_final) VALUES (94, 3, 2, '2025-05-14 10:38:01', '2025-05-15 01:05:28');
INSERT INTO historial_estados (incidencia_id, estado_inicial_id, estado_actual_id, fecha_comienzo, fecha_final) VALUES (NULL, 5, 2, '2025-05-07 19:48:48', '2025-05-08 00:37:48');
INSERT INTO historial_estados (incidencia_id, estado_inicial_id, estado_actual_id, fecha_comienzo, fecha_final) VALUES (NULL, 2, 5, '2025-05-08 00:37:48', '2025-05-08 06:27:48');
INSERT INTO historial_estados (incidencia_id, estado_inicial_id, estado_actual_id, fecha_comienzo, fecha_final) VALUES (95, 5, 6, '2025-05-08 06:27:48', '2025-05-08 08:13:02');
INSERT INTO historial_estados (incidencia_id, estado_inicial_id, estado_actual_id, fecha_comienzo, fecha_final) VALUES (NULL, 5, 4, '2025-05-13 06:34:35', '2025-05-13 13:05:35');
INSERT INTO historial_estados (incidencia_id, estado_inicial_id, estado_actual_id, fecha_comienzo, fecha_final) VALUES (NULL, 4, 3, '2025-05-13 13:05:35', '2025-05-14 09:07:35');
INSERT INTO historial_estados (incidencia_id, estado_inicial_id, estado_actual_id, fecha_comienzo, fecha_final) VALUES (96, 3, 1, '2025-05-14 09:07:35', '2025-05-15 07:07:41');
INSERT INTO historial_estados (incidencia_id, estado_inicial_id, estado_actual_id, fecha_comienzo, fecha_final) VALUES (NULL, 5, 3, '2025-05-02 00:06:15', '2025-05-02 19:12:15');
INSERT INTO historial_estados (incidencia_id, estado_inicial_id, estado_actual_id, fecha_comienzo, fecha_final) VALUES (NULL, 3, 1, '2025-05-02 19:12:15', '2025-05-03 10:39:15');
INSERT INTO historial_estados (incidencia_id, estado_inicial_id, estado_actual_id, fecha_comienzo, fecha_final) VALUES (97, 1, 6, '2025-05-03 10:39:15', '2025-05-03 12:05:43');
INSERT INTO historial_estados (incidencia_id, estado_inicial_id, estado_actual_id, fecha_comienzo, fecha_final) VALUES (98, 5, 5, '2025-05-16 00:17:57', '2025-05-16 20:32:48');
INSERT INTO historial_estados (incidencia_id, estado_inicial_id, estado_actual_id, fecha_comienzo, fecha_final) VALUES (99, 5, 1, '2025-05-10 22:17:58', '2025-05-12 07:10:36');
INSERT INTO historial_estados (incidencia_id, estado_inicial_id, estado_actual_id, fecha_comienzo, fecha_final) VALUES (NULL, 5, 1, '2025-05-17 23:07:15', '2025-05-18 04:21:15');
INSERT INTO historial_estados (incidencia_id, estado_inicial_id, estado_actual_id, fecha_comienzo, fecha_final) VALUES (100, 1, 1, '2025-05-18 04:21:15', '2025-05-20 23:06:52');
INSERT INTO historial_estados (incidencia_id, estado_inicial_id, estado_actual_id, fecha_comienzo, fecha_final) VALUES (101, 5, 4, '2025-05-16 22:35:19', '2025-05-19 09:24:51');
INSERT INTO historial_estados (incidencia_id, estado_inicial_id, estado_actual_id, fecha_comienzo, fecha_final) VALUES (102, 5, 3, '2025-05-03 08:05:28', '2025-05-05 04:45:54');
INSERT INTO historial_estados (incidencia_id, estado_inicial_id, estado_actual_id, fecha_comienzo, fecha_final) VALUES (NULL, 5, 1, '2025-05-15 15:10:42', '2025-05-16 01:59:42');
INSERT INTO historial_estados (incidencia_id, estado_inicial_id, estado_actual_id, fecha_comienzo, fecha_final) VALUES (103, 1, 6, '2025-05-16 01:59:42', '2025-05-18 01:01:40');
INSERT INTO historial_estados (incidencia_id, estado_inicial_id, estado_actual_id, fecha_comienzo, fecha_final) VALUES (NULL, 5, 2, '2025-05-18 03:24:20', '2025-05-18 12:53:20');
INSERT INTO historial_estados (incidencia_id, estado_inicial_id, estado_actual_id, fecha_comienzo, fecha_final) VALUES (104, 2, 4, '2025-05-18 12:53:20', '2025-05-19 12:35:50');
INSERT INTO historial_estados (incidencia_id, estado_inicial_id, estado_actual_id, fecha_comienzo, fecha_final) VALUES (105, 5, 6, '2025-05-04 17:56:52', '2025-05-06 23:37:38');
INSERT INTO historial_estados (incidencia_id, estado_inicial_id, estado_actual_id, fecha_comienzo, fecha_final) VALUES (NULL, 5, 3, '2025-05-13 19:14:42', '2025-05-14 03:33:42');
INSERT INTO historial_estados (incidencia_id, estado_inicial_id, estado_actual_id, fecha_comienzo, fecha_final) VALUES (106, 3, 5, '2025-05-14 03:33:42', '2025-05-14 05:01:03');
INSERT INTO historial_estados (incidencia_id, estado_inicial_id, estado_actual_id, fecha_comienzo, fecha_final) VALUES (NULL, 5, 6, '2025-05-01 19:50:11', '2025-05-01 21:07:11');
INSERT INTO historial_estados (incidencia_id, estado_inicial_id, estado_actual_id, fecha_comienzo, fecha_final) VALUES (NULL, 6, 1, '2025-05-01 21:07:11', '2025-05-02 04:50:11');
INSERT INTO historial_estados (incidencia_id, estado_inicial_id, estado_actual_id, fecha_comienzo, fecha_final) VALUES (107, 1, 3, '2025-05-02 04:50:11', '2025-05-04 12:49:33');
INSERT INTO historial_estados (incidencia_id, estado_inicial_id, estado_actual_id, fecha_comienzo, fecha_final) VALUES (NULL, 5, 2, '2025-05-16 22:00:24', '2025-05-17 04:57:24');
INSERT INTO historial_estados (incidencia_id, estado_inicial_id, estado_actual_id, fecha_comienzo, fecha_final) VALUES (NULL, 2, 4, '2025-05-17 04:57:24', '2025-05-17 11:15:24');
INSERT INTO historial_estados (incidencia_id, estado_inicial_id, estado_actual_id, fecha_comienzo, fecha_final) VALUES (108, 4, 3, '2025-05-17 11:15:24', '2025-05-17 13:32:02');