INSERT INTO Estado (id, nombre, valor, activo, color_fondo, color_texto, tipo) VALUES (0, 'Resuelto', 'resuelto', true, '#198754', '#000000', 2);
INSERT INTO Estado (id, nombre, valor, activo, color_fondo, color_texto, tipo) VALUES (2, 'En Proceso', 'en-proceso', true, '#0dcaf0', '#000000', 1);
INSERT INTO Estado (id, nombre, valor, activo, color_fondo, color_texto, tipo) VALUES (3, 'Cancelado', 'cancelado', true, '#dc3545', '#ffffff', 2);
INSERT INTO Estado (id, nombre, valor, activo, color_fondo, color_texto, tipo) VALUES (4, 'Bloqueado', 'bloqueado', true, '#6c757d', '#ffffff', 1);
INSERT INTO Estado (id, nombre, valor, activo, color_fondo, color_texto, tipo) VALUES (1, 'Pendiente', 'pendiente', true, '#ffc107', '#000000', 0);
INSERT INTO Estado (id, nombre, valor, activo, color_fondo, color_texto, tipo) VALUES (5, 'Sin Estado', 'sin-estado', true, '#04c7f5', '#ffffff', 0);

ALTER TABLE Estado ALTER COLUMN id RESTART WITH 6;

INSERT INTO Usuario (id, username, password, rol, nombre, apellidos, email, telefono, fecha_registro, editable) VALUES (1, 'user01', '$2a$12$7.MmeCKa9h.4u2uC31zOgOKFEyXQmIWKswTbNu4.MQedYyvQ2pgzW', 'USER', 'Ana', 'Martínez', 'ana.martinez@example.com', '612345678', '2024-11-03', true);
INSERT INTO Usuario (id, username, password, rol, nombre, apellidos, email, telefono, fecha_registro, editable) VALUES (2, 'user02', '$2a$12$Ur0Am.HjJ0WseHbtWuZLjuJ2yBbyQU5MJPORmweLEEd5ip2C05IYq', 'USER', 'Carlos', 'Jiménez', 'carlos.jimenez@example.com', '622345679', '2024-12-10', true);
INSERT INTO Usuario (id, username, password, rol, nombre, apellidos, email, telefono, fecha_registro, editable) VALUES (3, 'user03', '$2a$12$qiHV.kWZWYJXcpQWUwJME.c4o2bZxgINRb8jQCghvK5MrMRD0kNCy', 'USER', 'Lucía', 'Navarro', 'lucia.navarro@example.com', '632345680', '2025-01-05', true);
INSERT INTO Usuario (id, username, password, rol, nombre, apellidos, email, telefono, fecha_registro, editable) VALUES (4, 'user04', '$2a$12$Z9N.3Njv.bBXFfui5ysesu6Oc39oXfGs8n7V45ae/QIMunErTl3Fy', 'USER', 'David', 'Fernández', 'david.fernandez@example.com', '642345681', '2025-02-12', true);
INSERT INTO usuario (id, username, password, nombre, apellidos, rol, editable) VALUES (5, 'sin-tecnico', 'sin-tecnico', 'Sin Tecnico', '', 'TECH',false);
INSERT INTO usuario (id, username, password, nombre, apellidos, rol, editable) VALUES (6, 'sin-reportante', 'sin-reportante', 'Sin Reportante', '','USER',false);
INSERT INTO Usuario (id, username, password, rol, nombre, apellidos, email, telefono, fecha_registro, editable) VALUES (7, 'user05', '$2a$12$BxOL/W6prcl10mPFM8sTlOudTdxmw/mNqYsINIkw5Ze1otkt58X0q', 'USER', 'Elena', 'Romero', 'elena.romero@example.com', '652345682', '2025-03-18', true);
INSERT INTO Usuario (id, username, password, rol, nombre, apellidos, email, telefono, fecha_registro, editable) VALUES (8, 'user06', '$2a$12$wcv3W3nrkedYQM1py43D5OyoxU6WOmPqrwDmnR7CnOtkzO2M44fhG', 'USER', 'Javier', 'Ortiz', 'javier.ortiz@example.com', '662345683', '2025-03-21', true);
INSERT INTO Usuario (id, username, password, rol, nombre, apellidos, email, telefono, fecha_registro, editable) VALUES (9, 'user07', '$2a$12$.Xv5w.qDf964rO.2x8TBJOu.Yq6xR7kXLOQUrwcHdpS8lYsfQB5yq', 'USER', 'Sara', 'Cano', 'sara.cano@example.com', '672345684', '2025-03-27', true);
INSERT INTO Usuario (id, username, password, rol, nombre, apellidos, email, telefono, fecha_registro, editable) VALUES (10, 'user08', '$2a$12$qL1JYDBiYRpCwyUp9/r/euX7gmLChdir8NAX7LJQBWS6DApOZxQ.i', 'USER', 'Mario', 'González', 'mario.gonzalez@example.com', '682345685', '2025-04-04', true);
INSERT INTO Usuario (id, username, password, rol, nombre, apellidos, email, telefono, fecha_registro, editable) VALUES (11, 'user09', '$2a$12$WL05lv72x9P6zeymFJzqre5smIW5t6L/v832MDKaZIyG4uTG7NsaK', 'USER', 'Nuria', 'Sanz', 'nuria.sanz@example.com', '692345686', '2025-04-11', true);
INSERT INTO Usuario (id, username, password, rol, nombre, apellidos, email, telefono, fecha_registro, editable) VALUES (12, 'user10', '$2a$12$smC6itF8JbqT83mXwnBPOu8ibh9aB/HryghmzLRB2B2/MJH1ImSom', 'USER', 'Raúl', 'Alonso', 'raul.alonso@example.com', '602345687', '2025-04-17', true);
INSERT INTO Usuario (id, username, password, rol, nombre, apellidos, email, telefono, fecha_registro, editable) VALUES (13, 'tech01', '$2a$12$mYl/eUWoje6/6cs0OoYGa.4IOH4iG5ziFr5go4c/V6Nr9bmyl.z/q', 'TECH', 'Isabel', 'Pérez', 'isabel.perez@example.com', '611111111', '2025-04-20', true);
INSERT INTO Usuario (id, username, password, rol, nombre, apellidos, email, telefono, fecha_registro, editable) VALUES (14, 'tech02', '$2a$12$JfN31Y95PREiph5/yuvBreFZhovgrjSzyGxdzC5EhdqPqMiJbdB8S', 'TECH', 'Pedro', 'Herrera', 'pedro.herrera@example.com', '622222222', '2025-04-21', true);
INSERT INTO Usuario (id, username, password, rol, nombre, apellidos, email, telefono, fecha_registro, editable) VALUES (15, 'tech03', '$2a$12$FePPC3xeTTHl8FsgK1APFuH8Sxdnh48BGoIq8k/HFkxG1RwyxOdlu', 'TECH', 'Claudia', 'Mora', 'claudia.mora@example.com', '633333333', '2025-04-22', true);
INSERT INTO Usuario (id, username, password, rol, nombre, apellidos, email, telefono, fecha_registro, editable) VALUES (16, 'tech04', '$2a$12$obaRrurahwkaCtabLacxg.rVgpJO9Bo2jaEPvmrK1EP/xiF/tNS1m', 'TECH', 'Alberto', 'Reyes', 'alberto.reyes@example.com', '644444444', '2025-04-23', true);
INSERT INTO Usuario (id, username, password, rol, nombre, apellidos, email, telefono, fecha_registro, editable) VALUES (17, 'tech05', '$2a$12$obaRrurahwkaCtabLacxg.rVgpJO9Bo2jaEPvmrK1EP/xiF/tNS1m', 'TECH', 'Patricia', 'Crespo', 'patricia.crespo@example.com', '655555555', '2025-04-24', true);
INSERT INTO Usuario (id, username, password, rol, nombre, apellidos, email, telefono, fecha_registro, editable) VALUES (18, 'tech06', '$2a$12$obaRrurahwkaCtabLacxg.rVgpJO9Bo2jaEPvmrK1EP/xiF/tNS1m', 'TECH', 'Hugo', 'López', 'hugo.lopez@example.com', '666666666', '2025-04-25', true);
INSERT INTO Usuario (id, username, password, rol, nombre, apellidos, email, telefono, fecha_registro, editable) VALUES (19, 'tech07', '$2a$12$obaRrurahwkaCtabLacxg.rVgpJO9Bo2jaEPvmrK1EP/xiF/tNS1m', 'TECH', 'Teresa', 'Delgado', 'teresa.delgado@example.com', '677777777', '2025-04-26', true);
INSERT INTO Usuario (id, username, password, rol, nombre, apellidos, email, telefono, fecha_registro, editable) VALUES (20, 'tech08', '$2a$12$obaRrurahwkaCtabLacxg.rVgpJO9Bo2jaEPvmrK1EP/xiF/tNS1m', 'TECH', 'Andrés', 'Ruiz', 'andres.ruiz@example.com', '688888888', '2025-04-27', true);
INSERT INTO Usuario (id, username, password, rol, nombre, apellidos, email, telefono, fecha_registro, editable) VALUES (21, 'tech09', '$2a$12$obaRrurahwkaCtabLacxg.rVgpJO9Bo2jaEPvmrK1EP/xiF/tNS1m', 'TECH', 'Laura', 'Suárez', 'laura.suarez@example.com', '699999999', '2025-04-28', true);
INSERT INTO Usuario (id, username, password, rol, nombre, apellidos, email, telefono, fecha_registro, editable) VALUES (22, 'tech10', '$2a$12$obaRrurahwkaCtabLacxg.rVgpJO9Bo2jaEPvmrK1EP/xiF/tNS1m', 'TECH', 'Sergio', 'Bermúdez', 'sergio.bermudez@example.com', '600000000', '2025-04-29', true);
INSERT INTO Usuario (id,username,password,rol,editable, nombre, apellidos) VALUES (23,'user','$2a$10$P.INQOjXA6Krg12MKDl3ne0jZKqQPwjdNd9LfzYl9m2GTwm1nfm3y','USER',false,'user','');
INSERT INTO usuario (id, username, password, nombre, apellidos, rol, editable) VALUES (24, 'tech', '$2a$12$cVbhu2H9QtaWAA8zmXs7luqThZjcKrBTLd5upkgn.SFRPEVo76OKm', 'tech', '', 'TECH',false);
ALTER TABLE usuario ALTER COLUMN id RESTART WITH 25;
INSERT INTO usuario (username, password, nombre, apellidos, rol, editable) VALUES ( 'admin', '$2a$12$fMCbeiD5ulJd0HVupQClOeUglGpw9z2UphGQPI3ANsiEtGP.TA67K', 'admin', '', 'ADMIN',false);
INSERT INTO Incidencia (id, titulo, ubicacion, descripcion, reportante_id, tecnico_id, estado_id, fecha_creacion, fechaiea, fecha_modificacion) VALUES (0, 'Fallo en proyector', 'Aula 17', 'La imagen proyectada está distorsionada o borrosa.', 2, 19, 5, '2025-05-07 14:00:34', '2025-05-07 19:58:56', '2025-05-08 03:24:15');
INSERT INTO Incidencia (id, titulo, ubicacion, descripcion, reportante_id, tecnico_id, estado_id, fecha_creacion, fechaiea, fecha_modificacion) VALUES (1, 'Pantalla poseída', 'Aula 12', 'Se ve como si Gollum hubiese ajustado el brillo y contraste.', 2, 21, 0, '2025-05-13 06:53:00', '2025-05-14 09:35:05', '2025-05-15 18:48:48');
INSERT INTO Incidencia (id, titulo, ubicacion, descripcion, reportante_id, tecnico_id, estado_id, fecha_creacion, fechaiea, fecha_modificacion) VALUES (2, 'Cortocircuito', 'Aula 9', 'Se detecta un cortocircuito en el aula.', 8, 14, 1, '2025-05-08 18:46:11', '2025-05-09 16:11:27', '2025-05-10 10:12:10');
INSERT INTO Incidencia (id, titulo, ubicacion, descripcion, reportante_id, tecnico_id, estado_id, fecha_creacion, fechaiea, fecha_modificacion) VALUES (3, 'Fallo en proyector', 'Aula 15', 'No se proyecta imagen, la lámpara está posiblemente fundida.', 12, 24, 0, '2025-05-17 16:18:03', '2025-05-17 17:27:32', '2025-05-18 22:48:23');
INSERT INTO Incidencia (id, titulo, ubicacion, descripcion, reportante_id, tecnico_id, estado_id, fecha_creacion, fechaiea, fecha_modificacion) VALUES (4, 'Pantalla poseída', 'Aula 11', 'La pantalla cambia de color como una discoteca.', 9, 20, 5, '2025-05-06 04:12:14', '2025-05-06 09:36:17', '2025-05-06 20:13:13');
INSERT INTO Incidencia (id, titulo, ubicacion, descripcion, reportante_id, tecnico_id, estado_id, fecha_creacion, fechaiea, fecha_modificacion) VALUES (5, 'Tablet bloqueada', 'Aula 3', 'No se puede acceder al sistema operativo.', 9, 19, 4, '2025-05-07 23:46:04', '2025-05-08 09:30:39', '2025-05-08 14:57:58');
INSERT INTO Incidencia (id, titulo, ubicacion, descripcion, reportante_id, tecnico_id, estado_id, fecha_creacion, fechaiea, fecha_modificacion) VALUES (6, 'Error de impresión', 'Aula 8', 'La impresora no se encuentra disponible en red ni por cable.', 12, 14, 4, '2025-05-18 07:19:49', '2025-05-18 22:25:12', '2025-05-19 11:35:47');
INSERT INTO Incidencia (id, titulo, ubicacion, descripcion, reportante_id, tecnico_id, estado_id, fecha_creacion, fechaiea, fecha_modificacion) VALUES (7, 'Fallo en proyector', 'Aula 6', 'El proyector no responde al encenderlo.', 3, 16, 5, '2025-05-05 03:47:43', '2025-05-05 09:06:18', '2025-05-06 12:00:11');
INSERT INTO Incidencia (id, titulo, ubicacion, descripcion, reportante_id, tecnico_id, estado_id, fecha_creacion, fechaiea, fecha_modificacion) VALUES (8, 'Audio distorsionado', 'Aula 17', 'El volumen es extremadamente bajo incluso al máximo.', 9, 16, 3, '2025-05-16 02:24:38', '2025-05-16 03:35:06', '2025-05-16 07:54:30');
INSERT INTO Incidencia (id, titulo, ubicacion, descripcion, reportante_id, tecnico_id, estado_id, fecha_creacion, fechaiea, fecha_modificacion) VALUES (9, 'Tablet no enciende', 'Aula 19', 'No se puede acceder al sistema operativo.', 11, 21, 0, '2025-05-09 15:05:59', '2025-05-10 00:10:58', '2025-05-10 12:09:08');
INSERT INTO Incidencia (id, titulo, ubicacion, descripcion, reportante_id, tecnico_id, estado_id, fecha_creacion, fechaiea, fecha_modificacion) VALUES (10, 'Ordenador en huelga', 'Aula 1', 'Se reinicia más que mi motivación los lunes.', 2, 21, 1, '2025-05-10 00:51:39', '2025-05-10 20:06:59', '2025-05-11 13:11:16');
INSERT INTO Incidencia (id, titulo, ubicacion, descripcion, reportante_id, tecnico_id, estado_id, fecha_creacion, fechaiea, fecha_modificacion) VALUES (11, 'Cámara no detectada', 'Aula 2', 'La imagen de la cámara se ve borrosa o congelada.', 1, 19, 2, '2025-05-15 18:51:24', '2025-05-16 17:08:48', '2025-05-18 02:04:59');
INSERT INTO Incidencia (id, titulo, ubicacion, descripcion, reportante_id, tecnico_id, estado_id, fecha_creacion, fechaiea, fecha_modificacion) VALUES (12, 'Tablet no enciende', 'Aula 13', 'La pantalla de la tablet no responde al tacto.', 12, 17, 5, '2025-05-14 03:44:04', '2025-05-14 04:12:39', '2025-05-15 17:56:14');
INSERT INTO Incidencia (id, titulo, ubicacion, descripcion, reportante_id, tecnico_id, estado_id, fecha_creacion, fechaiea, fecha_modificacion) VALUES (13, 'Proyector fundido', 'Aula 18', 'No se proyecta imagen, la lámpara está posiblemente fundida.', 8, 18, 2, '2025-05-04 12:07:30', '2025-05-05 18:41:19', '2025-05-06 22:43:23');
INSERT INTO Incidencia (id, titulo, ubicacion, descripcion, reportante_id, tecnico_id, estado_id, fecha_creacion, fechaiea, fecha_modificacion) VALUES (14, 'Frío excesivo', 'Aula 20', 'La calefacción no calienta adecuadamente.', 8, 15, 5, '2025-05-17 14:50:30', '2025-05-18 16:05:11', '2025-05-19 05:58:26');
INSERT INTO Incidencia (id, titulo, ubicacion, descripcion, reportante_id, tecnico_id, estado_id, fecha_creacion, fechaiea, fecha_modificacion) VALUES (15, 'Frío excesivo', 'Aula 12', 'Hace mas frio que en la comunion de pingu', 11, 24, 3, '2025-05-15 07:53:42', '2025-05-15 10:27:44', '2025-05-15 11:32:50');
INSERT INTO Incidencia (id, titulo, ubicacion, descripcion, reportante_id, tecnico_id, estado_id, fecha_creacion, fechaiea, fecha_modificacion) VALUES (16, 'Problemas de red', 'Aula 14', 'El punto de acceso Wi-Fi no aparece disponible.', 1, 17, 0, '2025-05-01 10:32:40', '2025-05-02 13:34:15', '2025-05-03 14:22:41');
INSERT INTO Incidencia (id, titulo, ubicacion, descripcion, reportante_id, tecnico_id, estado_id, fecha_creacion, fechaiea, fecha_modificacion) VALUES (17, 'Fallo de conexión LAN', 'Aula 6', 'Interrupciones constantes en la red.', 1, 20, 0, '2025-05-15 00:36:25', '2025-05-15 21:03:14', '2025-05-16 01:46:50');
INSERT INTO Incidencia (id, titulo, ubicacion, descripcion, reportante_id, tecnico_id, estado_id, fecha_creacion, fechaiea, fecha_modificacion) VALUES (18, 'Sistema operativo corrupto', 'Aula 8', 'Pantalla azul al iniciar el sistema.', 1, 16, 3, '2025-05-16 00:36:16', '2025-05-17 15:42:24', '2025-05-18 02:55:21');
INSERT INTO Incidencia (id, titulo, ubicacion, descripcion, reportante_id, tecnico_id, estado_id, fecha_creacion, fechaiea, fecha_modificacion) VALUES (19, 'Fallo en impresora', 'Aula 7', 'El controlador de la impresora no está instalado correctamente.', 12, 14, 5, '2025-05-04 23:59:10', '2025-05-05 13:54:29', '2025-05-07 00:47:45');
INSERT INTO Incidencia (id, titulo, ubicacion, descripcion, reportante_id, tecnico_id, estado_id, fecha_creacion, fechaiea, fecha_modificacion) VALUES (20, 'Wi-Fi desconectado', 'Aula 7', 'Interrupciones constantes en la red.', 4, 14, 4, '2025-05-05 13:29:39', '2025-05-05 22:46:55', '2025-05-06 11:22:07');
INSERT INTO Incidencia (id, titulo, ubicacion, descripcion, reportante_id, tecnico_id, estado_id, fecha_creacion, fechaiea, fecha_modificacion) VALUES (21, 'Tablet bloqueada', 'Aula 6', 'La batería de la tablet se agota rápidamente.', 1, 21, 5, '2025-05-05 05:00:46', '2025-05-06 04:34:38', '2025-05-06 19:38:09');
INSERT INTO Incidencia (id, titulo, ubicacion, descripcion, reportante_id, tecnico_id, estado_id, fecha_creacion, fechaiea, fecha_modificacion) VALUES (22, 'Fallo de audio', 'Aula 12', 'No se detecta ningún dispositivo de audio.', 7, 19, 2, '2025-05-03 21:59:22', '2025-05-04 21:27:10', '2025-05-05 14:34:02');
INSERT INTO Incidencia (id, titulo, ubicacion, descripcion, reportante_id, tecnico_id, estado_id, fecha_creacion, fechaiea, fecha_modificacion) VALUES (23, 'Error de impresión', 'Aula 9', 'La impresora muestra un error de conexión.', 9, 20, 4, '2025-05-08 13:04:25', '2025-05-09 11:37:09', '2025-05-11 02:55:23');
INSERT INTO Incidencia (id, titulo, ubicacion, descripcion, reportante_id, tecnico_id, estado_id, fecha_creacion, fechaiea, fecha_modificacion) VALUES (24, 'Sistema operativo corrupto', 'Aula 12', 'El equipo no arranca, ni emite sonidos.', 12, 24, 4, '2025-05-05 15:36:41', '2025-05-06 02:56:54', '2025-05-06 06:51:37');
INSERT INTO Incidencia (id, titulo, ubicacion, descripcion, reportante_id, tecnico_id, estado_id, fecha_creacion, fechaiea, fecha_modificacion) VALUES (25, 'Calor excesivo', 'Aula 2', 'El aula está demasiado caliente.', 4, 21, 3, '2025-05-12 19:32:40', '2025-05-13 07:33:20', '2025-05-14 21:53:40');
INSERT INTO Incidencia (id, titulo, ubicacion, descripcion, reportante_id, tecnico_id, estado_id, fecha_creacion, fechaiea, fecha_modificacion) VALUES (26, 'PC con espíritu zen (no hace nada)', 'Aula 6', 'Se reinicia más que mi motivación los lunes.', 2, 17, 1, '2025-05-15 17:50:20', '2025-05-15 23:38:49', '2025-05-16 08:58:29');
INSERT INTO Incidencia (id, titulo, ubicacion, descripcion, reportante_id, tecnico_id, estado_id, fecha_creacion, fechaiea, fecha_modificacion) VALUES (27, 'Más ruido que en un concierto de motoras', 'Aula 13', 'Parece que alguien taladra constantemente en el aula.', 7, 19, 5, '2025-05-17 15:21:57', '2025-05-19 02:09:31', '2025-05-20 12:36:15');
INSERT INTO Incidencia (id, titulo, ubicacion, descripcion, reportante_id, tecnico_id, estado_id, fecha_creacion, fechaiea, fecha_modificacion) VALUES (28, 'Cámara sin imagen', 'Aula 5', 'No hay señal desde la cámara de seguridad.', 1, 16, 3, '2025-05-12 06:30:22', '2025-05-12 13:25:47', '2025-05-13 09:43:46');
INSERT INTO Incidencia (id, titulo, ubicacion, descripcion, reportante_id, tecnico_id, estado_id, fecha_creacion, fechaiea, fecha_modificacion) VALUES (29, 'Fallo de energía', 'Aula 1', 'El equipo no enciende por falta de energía.', 11, 24, 4, '2025-05-05 09:29:12', '2025-05-06 13:19:36', '2025-05-07 05:58:32');
INSERT INTO Incidencia (id, titulo, ubicacion, descripcion, reportante_id, tecnico_id, estado_id, fecha_creacion, fechaiea, fecha_modificacion) VALUES (30, 'Tablet bloqueada', 'Aula 10', 'La tablet no enciende, aunque esté cargada.', 11, 17, 1, '2025-05-07 18:02:06', '2025-05-08 07:37:12', '2025-05-09 18:14:03');
INSERT INTO Incidencia (id, titulo, ubicacion, descripcion, reportante_id, tecnico_id, estado_id, fecha_creacion, fechaiea, fecha_modificacion) VALUES (31, 'Internet con pedal', 'Aula 7', 'Con esta velocidad, enviar un correo es una aventura épica.', 23, 5, 5, '2025-05-08 06:27:39', '2025-05-08 19:15:28', '2025-05-09 09:52:18');
INSERT INTO Incidencia (id, titulo, ubicacion, descripcion, reportante_id, tecnico_id, estado_id, fecha_creacion, fechaiea, fecha_modificacion) VALUES (32, 'Silla con vida propia', 'Aula 7', 'Se inclina como si quisiera invocar algo.', 2, 18, 4, '2025-05-11 23:09:18', '2025-05-13 02:50:07', '2025-05-14 04:01:08');
INSERT INTO Incidencia (id, titulo, ubicacion, descripcion, reportante_id, tecnico_id, estado_id, fecha_creacion, fechaiea, fecha_modificacion) VALUES (33, 'Cámara no detectada', 'Aula 8', 'No hay señal desde la cámara de seguridad.', 11, 14, 4, '2025-05-18 16:33:46', '2025-05-19 02:27:19', '2025-05-19 22:11:00');
INSERT INTO Incidencia (id, titulo, ubicacion, descripcion, reportante_id, tecnico_id, estado_id, fecha_creacion, fechaiea, fecha_modificacion) VALUES (34, 'Colores estilo Windows 95', 'Aula 18', 'Se ve como si Gollum hubiese ajustado el brillo y contraste.', 1, 13, 2, '2025-05-05 21:54:11', '2025-05-06 10:35:42', '2025-05-07 20:46:47');
INSERT INTO Incidencia (id, titulo, ubicacion, descripcion, reportante_id, tecnico_id, estado_id, fecha_creacion, fechaiea, fecha_modificacion) VALUES (35, 'Fallo en proyector', 'Aula 15', 'No detecta ninguna fuente de entrada.', 2, 16, 3, '2025-05-08 21:36:44', '2025-05-10 11:59:29', '2025-05-10 17:34:33');
INSERT INTO Incidencia (id, titulo, ubicacion, descripcion, reportante_id, tecnico_id, estado_id, fecha_creacion, fechaiea, fecha_modificacion) VALUES (36, 'Fallo en calefacción', 'Aula 19', 'El sistema de calefacción hace ruidos extraños.', 4, 21, 5, '2025-05-08 06:47:00', '2025-05-08 14:59:43', '2025-05-10 00:29:58');
INSERT INTO Incidencia (id, titulo, ubicacion, descripcion, reportante_id, tecnico_id, estado_id, fecha_creacion, fechaiea, fecha_modificacion) VALUES (37, 'Problemas de red', 'Aula 1', 'La conexión por cable no funciona.', 1, 24, 3, '2025-05-11 19:44:18', '2025-05-12 10:03:01', '2025-05-14 00:34:33');
INSERT INTO Incidencia (id, titulo, ubicacion, descripcion, reportante_id, tecnico_id, estado_id, fecha_creacion, fechaiea, fecha_modificacion) VALUES (38, 'Sistema operativo corrupto', 'Aula 16', 'El disco duro no es detectado.', 2, 14, 0, '2025-05-08 20:13:29', '2025-05-09 22:41:48', '2025-05-10 11:04:30');
INSERT INTO Incidencia (id, titulo, ubicacion, descripcion, reportante_id, tecnico_id, estado_id, fecha_creacion, fechaiea, fecha_modificacion) VALUES (39, 'Wi-Fi desconectado', 'Aula 1', 'El punto de acceso Wi-Fi no aparece disponible.', 12, 15, 2, '2025-05-02 09:30:41', '2025-05-03 23:31:34', '2025-05-04 17:09:18');
INSERT INTO Incidencia (id, titulo, ubicacion, descripcion, reportante_id, tecnico_id, estado_id, fecha_creacion, fechaiea, fecha_modificacion) VALUES (40, 'Teclas no funcionan', 'Aula 2', 'Teclas pulsadas producen caracteres incorrectos.', 8, 14, 0, '2025-05-15 01:30:46', '2025-05-15 20:30:59', '2025-05-16 23:30:59');
INSERT INTO Incidencia (id, titulo, ubicacion, descripcion, reportante_id, tecnico_id, estado_id, fecha_creacion, fechaiea, fecha_modificacion) VALUES (41, 'Pantalla azul', 'Aula 19', 'Se reinicia continuamente sin cargar Windows.', 9, 14, 2, '2025-05-17 17:35:17', '2025-05-19 08:43:16', '2025-05-20 17:48:13');
INSERT INTO Incidencia (id, titulo, ubicacion, descripcion, reportante_id, tecnico_id, estado_id, fecha_creacion, fechaiea, fecha_modificacion) VALUES (42, 'Fallo en ventilación', 'Aula 20', 'El aula está demasiado caliente.', 10, 24, 0, '2025-05-14 18:40:57', '2025-05-16 09:45:40', '2025-05-16 20:31:23');
INSERT INTO Incidencia (id, titulo, ubicacion, descripcion, reportante_id, tecnico_id, estado_id, fecha_creacion, fechaiea, fecha_modificacion) VALUES (43, 'Teclas no funcionan', 'Aula 14', 'Teclas pulsadas producen caracteres incorrectos.', 10, 14, 0, '2025-05-14 11:50:40', '2025-05-15 18:45:02', '2025-05-17 03:22:21');
INSERT INTO Incidencia (id, titulo, ubicacion, descripcion, reportante_id, tecnico_id, estado_id, fecha_creacion, fechaiea, fecha_modificacion) VALUES (44, 'Problemas eléctricos', 'Aula 11', 'El equipo no enciende por falta de energía.', 10, 13, 3, '2025-05-08 10:11:52', '2025-05-09 17:54:33', '2025-05-10 13:04:41');
INSERT INTO Incidencia (id, titulo, ubicacion, descripcion, reportante_id, tecnico_id, estado_id, fecha_creacion, fechaiea, fecha_modificacion) VALUES (45, 'Colores estilo Windows 95', 'Aula 17', 'La imagen está tan torcida que parece arte cubista.', 11, 19, 0, '2025-05-13 18:52:39', '2025-05-15 10:09:03', '2025-05-15 12:16:40');
INSERT INTO Incidencia (id, titulo, ubicacion, descripcion, reportante_id, tecnico_id, estado_id, fecha_creacion, fechaiea, fecha_modificacion) VALUES (46, 'Red más lenta que un caracol cojo', 'Aula 17', 'Zoom parece stop motion del siglo pasado.', 9, 19, 3, '2025-05-02 03:58:49', '2025-05-03 19:27:00', '2025-05-04 01:36:51');
INSERT INTO Incidencia (id, titulo, ubicacion, descripcion, reportante_id, tecnico_id, estado_id, fecha_creacion, fechaiea, fecha_modificacion) VALUES (47, 'Fallo de energía', 'Aula 1', 'Los enchufes no funcionan correctamente.', 2, 14, 3, '2025-05-01 14:25:25', '2025-05-01 22:20:42', '2025-05-02 04:12:23');
INSERT INTO Incidencia (id, titulo, ubicacion, descripcion, reportante_id, tecnico_id, estado_id, fecha_creacion, fechaiea, fecha_modificacion) VALUES (48, 'Ordenador en huelga', 'Aula 11', 'El cursor parpadea... pero no ocurre nada más.', 10, 18, 4, '2025-05-09 04:17:39', '2025-05-10 05:14:32', '2025-05-11 11:26:51');
INSERT INTO Incidencia (id, titulo, ubicacion, descripcion, reportante_id, tecnico_id, estado_id, fecha_creacion, fechaiea, fecha_modificacion) VALUES (49, 'Audio distorsionado', 'Aula 10', 'El audio suena entrecortado o distorsionado.', 9, 15, 2, '2025-05-12 01:02:18', '2025-05-13 07:04:36', '2025-05-14 09:46:44');
INSERT INTO Incidencia (id, titulo, ubicacion, descripcion, reportante_id, tecnico_id, estado_id, fecha_creacion, fechaiea, fecha_modificacion) VALUES (50, 'Colores estilo Windows 95', 'Aula 17', 'El proyector proyecta el más allá en lugar del escritorio.', 12, 13, 4, '2025-05-06 11:41:42', '2025-05-07 23:04:21', '2025-05-09 00:19:07');
INSERT INTO Incidencia (id, titulo, ubicacion, descripcion, reportante_id, tecnico_id, estado_id, fecha_creacion, fechaiea, fecha_modificacion) VALUES (51, 'Fallo en calefacción', 'Aula 7', 'Se siente aire frío en lugar de caliente.', 1, 20, 0, '2025-05-08 13:35:55', '2025-05-09 23:57:48', '2025-05-11 13:22:12');
INSERT INTO Incidencia (id, titulo, ubicacion, descripcion, reportante_id, tecnico_id, estado_id, fecha_creacion, fechaiea, fecha_modificacion) VALUES (52, 'Fallo en cámara de seguridad', 'Aula 8', 'La cámara no transmite video en directo.', 2, 20, 5, '2025-05-07 06:26:52', '2025-05-08 01:50:54', '2025-05-09 17:39:43');
INSERT INTO Incidencia (id, titulo, ubicacion, descripcion, reportante_id, tecnico_id, estado_id, fecha_creacion, fechaiea, fecha_modificacion) VALUES (53, 'Fallo de entrada de teclado', 'Aula 20', 'Algunas teclas del teclado no funcionan.', 11, 24, 4, '2025-05-05 19:34:31', '2025-05-07 07:38:59', '2025-05-08 10:11:47');
INSERT INTO Incidencia (id, titulo, ubicacion, descripcion, reportante_id, tecnico_id, estado_id, fecha_creacion, fechaiea, fecha_modificacion) VALUES (54, 'Pantalla congelada desde la Edad Media', 'Aula 6', 'Le he dado al botón y ha entrado en coma tecnológico.', 12, 19, 3, '2025-05-16 20:53:54', '2025-05-17 11:40:09', '2025-05-18 09:28:04');
INSERT INTO Incidencia (id, titulo, ubicacion, descripcion, reportante_id, tecnico_id, estado_id, fecha_creacion, fechaiea, fecha_modificacion) VALUES (55, 'Pantalla azul', 'Aula 4', 'El equipo no arranca, ni emite sonidos.', 9, 21, 0, '2025-05-01 09:39:08', '2025-05-02 14:50:28', '2025-05-04 05:22:06');
INSERT INTO Incidencia (id, titulo, ubicacion, descripcion, reportante_id, tecnico_id, estado_id, fecha_creacion, fechaiea, fecha_modificacion) VALUES (56, 'Cámara no detectada', 'Aula 4', 'La cámara aparece desconectada en el sistema.', 7, 13, 4, '2025-05-10 19:20:22', '2025-05-11 01:28:11', '2025-05-12 05:05:08');
INSERT INTO Incidencia (id, titulo, ubicacion, descripcion, reportante_id, tecnico_id, estado_id, fecha_creacion, fechaiea, fecha_modificacion) VALUES (57, 'Problemas eléctricos', 'Aula 6', 'Se huele a quemado cerca de los enchufes.', 2, 14, 2, '2025-05-02 20:36:20', '2025-05-03 05:26:56', '2025-05-04 01:14:20');
INSERT INTO Incidencia (id, titulo, ubicacion, descripcion, reportante_id, tecnico_id, estado_id, fecha_creacion, fechaiea, fecha_modificacion) VALUES (58, 'Proyector en modo abstracto', 'Aula 16', 'La pantalla cambia de color como una discoteca.', 3, 13, 2, '2025-05-18 16:09:57', '2025-05-19 03:29:58', '2025-05-19 08:42:49');
INSERT INTO Incidencia (id, titulo, ubicacion, descripcion, reportante_id, tecnico_id, estado_id, fecha_creacion, fechaiea, fecha_modificacion) VALUES (59, 'Fallo en calefacción', 'Aula 5', 'Hace mas frio que en la comunion de pingu', 23, 21, 5, '2025-05-01 18:45:49', '2025-05-02 16:08:07', '2025-05-03 21:47:13');
INSERT INTO Incidencia (id, titulo, ubicacion, descripcion, reportante_id, tecnico_id, estado_id, fecha_creacion, fechaiea, fecha_modificacion) VALUES (60, 'Wi-Fi desconectado', 'Aula 7', 'Los dispositivos no logran conectarse a la red Wi-Fi.', 12, 18, 5, '2025-05-05 11:49:06', '2025-05-07 01:57:18', '2025-05-08 06:47:53');
INSERT INTO Incidencia (id, titulo, ubicacion, descripcion, reportante_id, tecnico_id, estado_id, fecha_creacion, fechaiea, fecha_modificacion) VALUES (61, 'Problemas eléctricos', 'Aula 18', 'La corriente eléctrica se corta intermitentemente.', 9, 24, 1, '2025-05-15 11:22:41', '2025-05-15 21:33:25', '2025-05-16 08:14:40');
INSERT INTO Incidencia (id, titulo, ubicacion, descripcion, reportante_id, tecnico_id, estado_id, fecha_creacion, fechaiea, fecha_modificacion) VALUES (62, 'Fallo en cámara de seguridad', 'Aula 8', 'La cámara aparece desconectada en el sistema.', 4, 14, 4, '2025-05-17 04:27:00', '2025-05-17 23:49:36', '2025-05-18 21:02:34');
INSERT INTO Incidencia (id, titulo, ubicacion, descripcion, reportante_id, tecnico_id, estado_id, fecha_creacion, fechaiea, fecha_modificacion) VALUES (63, 'Fallo en ventilación', 'Aula 5', 'Hace mas calor que en la comunion de charmander', 7, 24, 0, '2025-05-07 16:23:48', '2025-05-08 02:16:27', '2025-05-08 19:48:15');
INSERT INTO Incidencia (id, titulo, ubicacion, descripcion, reportante_id, tecnico_id, estado_id, fecha_creacion, fechaiea, fecha_modificacion) VALUES (64, 'Red más lenta que un caracol cojo', 'Aula 3', 'Con esta velocidad, enviar un correo es una aventura épica.', 23, 15, 5, '2025-05-15 20:53:59', '2025-05-17 09:58:39', '2025-05-17 19:51:23');
INSERT INTO Incidencia (id, titulo, ubicacion, descripcion, reportante_id, tecnico_id, estado_id, fecha_creacion, fechaiea, fecha_modificacion) VALUES (65, 'Cortocircuito', 'Aula 3', 'La corriente eléctrica se corta intermitentemente.', 23, 18, 5, '2025-05-02 23:39:08', '2025-05-03 00:49:59', '2025-05-04 00:40:13');
INSERT INTO Incidencia (id, titulo, ubicacion, descripcion, reportante_id, tecnico_id, estado_id, fecha_creacion, fechaiea, fecha_modificacion) VALUES (66, 'Fallo en cámara de seguridad', 'Aula 5', 'La cámara no transmite video en directo.', 1, 14, 2, '2025-05-16 15:04:19', '2025-05-17 04:01:00', '2025-05-18 07:17:57');
INSERT INTO Incidencia (id, titulo, ubicacion, descripcion, reportante_id, tecnico_id, estado_id, fecha_creacion, fechaiea, fecha_modificacion) VALUES (67, 'Audio distorsionado', 'Aula 16', 'No se escucha nada a través de los altavoces.', 10, 17, 0, '2025-05-14 07:52:19', '2025-05-15 19:15:32', '2025-05-16 11:29:32');
INSERT INTO Incidencia (id, titulo, ubicacion, descripcion, reportante_id, tecnico_id, estado_id, fecha_creacion, fechaiea, fecha_modificacion) VALUES (68, 'Problemas eléctricos', 'Aula 2', 'Se huele a quemado cerca de los enchufes.', 8, 18, 3, '2025-05-17 10:08:39', '2025-05-17 23:06:22', '2025-05-18 15:22:57');
INSERT INTO Incidencia (id, titulo, ubicacion, descripcion, reportante_id, tecnico_id, estado_id, fecha_creacion, fechaiea, fecha_modificacion) VALUES (69, 'Fallo de entrada de teclado', 'Aula 6', 'Las teclas responden con retraso.', 2, 16, 2, '2025-05-05 21:49:50', '2025-05-06 01:35:50', '2025-05-06 19:52:58');
INSERT INTO Incidencia (id, titulo, ubicacion, descripcion, reportante_id, tecnico_id, estado_id, fecha_creacion, fechaiea, fecha_modificacion) VALUES (70, 'Pantalla congelada desde la Edad Media', 'Aula 17', 'Tras 5 minutos sigue pensando... algo.', 11, 14, 4, '2025-05-10 05:05:07', '2025-05-11 13:12:00', '2025-05-12 08:42:23');
INSERT INTO Incidencia (id, titulo, ubicacion, descripcion, reportante_id, tecnico_id, estado_id, fecha_creacion, fechaiea, fecha_modificacion) VALUES (71, 'Teclas no funcionan', 'Aula 20', 'El teclado no responde en absoluto.', 9, 16, 1, '2025-05-01 13:03:05', '2025-05-01 14:36:43', '2025-05-02 14:03:28');
INSERT INTO Incidencia (id, titulo, ubicacion, descripcion, reportante_id, tecnico_id, estado_id, fecha_creacion, fechaiea, fecha_modificacion) VALUES (72, 'Asiento de tortura medieval', 'Aula 7', 'Más incómoda que banco de parque en agosto.', 23, 14, 2, '2025-05-08 00:56:53', '2025-05-09 06:24:59', '2025-05-09 23:52:42');
INSERT INTO Incidencia (id, titulo, ubicacion, descripcion, reportante_id, tecnico_id, estado_id, fecha_creacion, fechaiea, fecha_modificacion) VALUES (73, 'Problemas eléctricos', 'Aula 14', 'La corriente eléctrica se corta intermitentemente.', 23, 14, 0, '2025-05-10 12:29:03', '2025-05-11 01:43:34', '2025-05-12 12:56:32');
INSERT INTO Incidencia (id, titulo, ubicacion, descripcion, reportante_id, tecnico_id, estado_id, fecha_creacion, fechaiea, fecha_modificacion) VALUES (74, 'Más ruido que en un concierto de motoras', 'Aula 15', 'El ventilador suena como un helicóptero despegando.', 23, 20, 3, '2025-05-09 20:26:36', '2025-05-11 06:57:53', '2025-05-11 12:31:11');
INSERT INTO Incidencia (id, titulo, ubicacion, descripcion, reportante_id, tecnico_id, estado_id, fecha_creacion, fechaiea, fecha_modificacion) VALUES (75, 'Frío excesivo', 'Aula 8', 'El sistema de calefacción hace ruidos extraños.', 2, 16, 1, '2025-05-16 11:00:47', '2025-05-17 13:02:32', '2025-05-17 19:32:37');
INSERT INTO Incidencia (id, titulo, ubicacion, descripcion, reportante_id, tecnico_id, estado_id, fecha_creacion, fechaiea, fecha_modificacion) VALUES (76, 'Problemas de red', 'Aula 4', 'El punto de acceso Wi-Fi no aparece disponible.', 2, 24, 2, '2025-05-13 05:19:31', '2025-05-14 13:38:58', '2025-05-14 16:09:50');
INSERT INTO Incidencia (id, titulo, ubicacion, descripcion, reportante_id, tecnico_id, estado_id, fecha_creacion, fechaiea, fecha_modificacion) VALUES (77, 'Fallo de conexión LAN', 'Aula 18', 'Los dispositivos no logran conectarse a la red Wi-Fi.', 23, 19, 5, '2025-05-01 03:27:12', '2025-05-01 04:30:14', '2025-05-02 13:12:07');
INSERT INTO Incidencia (id, titulo, ubicacion, descripcion, reportante_id, tecnico_id, estado_id, fecha_creacion, fechaiea, fecha_modificacion) VALUES (78, 'Asiento de tortura medieval', 'Aula 13', 'La silla gira sola cuando no debería.', 9, 15, 4, '2025-05-15 12:16:56', '2025-05-16 10:17:04', '2025-05-17 05:06:38');
INSERT INTO Incidencia (id, titulo, ubicacion, descripcion, reportante_id, tecnico_id, estado_id, fecha_creacion, fechaiea, fecha_modificacion) VALUES (79, 'Error de impresión', 'Aula 19', 'No responde al intentar imprimir.', 10, 16, 2, '2025-05-14 05:51:43', '2025-05-14 18:15:34', '2025-05-16 08:05:08');
INSERT INTO Incidencia (id, titulo, ubicacion, descripcion, reportante_id, tecnico_id, estado_id, fecha_creacion, fechaiea, fecha_modificacion) VALUES (80, 'Teclas no funcionan', 'Aula 20', 'Algunas teclas del teclado no funcionan.', 11, 18, 3, '2025-05-01 23:15:59', '2025-05-02 19:21:54', '2025-05-04 09:51:15');
INSERT INTO Incidencia (id, titulo, ubicacion, descripcion, reportante_id, tecnico_id, estado_id, fecha_creacion, fechaiea, fecha_modificacion) VALUES (81, 'Proyector en modo abstracto', 'Aula 2', 'Parece que ha entrado en modo arte moderno.', 8, 17, 1, '2025-05-10 00:27:00', '2025-05-10 13:36:16', '2025-05-11 22:44:56');
INSERT INTO Incidencia (id, titulo, ubicacion, descripcion, reportante_id, tecnico_id, estado_id, fecha_creacion, fechaiea, fecha_modificacion) VALUES (82, 'Fallo en proyector', 'Aula 20', 'No detecta ninguna fuente de entrada.', 4, 24, 2, '2025-05-10 14:13:12', '2025-05-11 22:38:39', '2025-05-12 23:58:58');
INSERT INTO Incidencia (id, titulo, ubicacion, descripcion, reportante_id, tecnico_id, estado_id, fecha_creacion, fechaiea, fecha_modificacion) VALUES (83, 'Cortocircuito', 'Aula 14', 'La corriente eléctrica se corta intermitentemente.', 2, 24, 0, '2025-05-14 09:27:49', '2025-05-14 15:40:53', '2025-05-15 01:59:11');
INSERT INTO Incidencia (id, titulo, ubicacion, descripcion, reportante_id, tecnico_id, estado_id, fecha_creacion, fechaiea, fecha_modificacion) VALUES (84, 'Sistema operativo corrupto', 'Aula 6', 'Pantalla azul al iniciar el sistema.', 8, 24, 0, '2025-05-01 19:41:43', '2025-05-02 11:27:02', '2025-05-02 16:22:09');
INSERT INTO Incidencia (id, titulo, ubicacion, descripcion, reportante_id, tecnico_id, estado_id, fecha_creacion, fechaiea, fecha_modificacion) VALUES (85, 'Fallo de audio', 'Aula 10', 'No se escucha nada a través de los altavoces.', 7, 14, 4, '2025-05-08 09:47:30', '2025-05-09 01:27:50', '2025-05-09 08:24:53');
INSERT INTO Incidencia (id, titulo, ubicacion, descripcion, reportante_id, tecnico_id, estado_id, fecha_creacion, fechaiea, fecha_modificacion) VALUES (86, 'Asiento de tortura medieval', 'Aula 5', 'La silla gira sola cuando no debería.', 8, 18, 1, '2025-05-13 09:28:49', '2025-05-14 04:01:33', '2025-05-14 22:59:45');
INSERT INTO Incidencia (id, titulo, ubicacion, descripcion, reportante_id, tecnico_id, estado_id, fecha_creacion, fechaiea, fecha_modificacion) VALUES (87, 'Ruido infernal', 'Aula 6', 'El ventilador suena como un helicóptero despegando.', 3, 13, 0, '2025-05-09 04:18:10', '2025-05-09 22:37:39', '2025-05-10 00:37:43');
INSERT INTO Incidencia (id, titulo, ubicacion, descripcion, reportante_id, tecnico_id, estado_id, fecha_creacion, fechaiea, fecha_modificacion) VALUES (88, 'Pantalla poseída', 'Aula 6', 'La imagen está tan torcida que parece arte cubista.', 12, 5, 5, '2025-05-07 11:56:05', '2025-05-07 15:23:16', '2025-05-08 00:24:25');
INSERT INTO Incidencia (id, titulo, ubicacion, descripcion, reportante_id, tecnico_id, estado_id, fecha_creacion, fechaiea, fecha_modificacion) VALUES (89, 'Frío excesivo', 'Aula 6', 'Mas frio que pescando pinguinos', 3, 14, 0, '2025-05-13 01:53:45', '2025-05-13 20:46:13', '2025-05-14 21:05:01');
INSERT INTO Incidencia (id, titulo, ubicacion, descripcion, reportante_id, tecnico_id, estado_id, fecha_creacion, fechaiea, fecha_modificacion) VALUES (90, 'Internet con pedal', 'Aula 4', 'Ni el Internet Explorer de 2003 era tan lento.', 2, 21, 1, '2025-05-11 00:46:17', '2025-05-11 03:40:39', '2025-05-11 06:37:36');
INSERT INTO Incidencia (id, titulo, ubicacion, descripcion, reportante_id, tecnico_id, estado_id, fecha_creacion, fechaiea, fecha_modificacion) VALUES (91, 'Pantalla poseída', 'Aula 6', 'La imagen está tan torcida que parece arte cubista.', 9, 16, 3, '2025-05-10 10:56:57', '2025-05-10 20:00:23', '2025-05-11 00:43:43');
INSERT INTO Incidencia (id, titulo, ubicacion, descripcion, reportante_id, tecnico_id, estado_id, fecha_creacion, fechaiea, fecha_modificacion) VALUES (92, 'Aplicación no se inicia', 'Aula 8', 'El software instalado no es compatible con el sistema.', 12, 15, 0, '2025-05-16 21:42:26', '2025-05-17 08:05:35', '2025-05-17 17:44:59');
INSERT INTO Incidencia (id, titulo, ubicacion, descripcion, reportante_id, tecnico_id, estado_id, fecha_creacion, fechaiea, fecha_modificacion) VALUES (93, 'Más ruido que en un concierto de motoras', 'Aula 1', 'Hay más ruido que en una boda gitana con altavoces Bose.', 9, 5, 5, '2025-05-13 20:40:36', '2025-05-15 08:36:17', '2025-05-16 12:22:44');
INSERT INTO Incidencia (id, titulo, ubicacion, descripcion, reportante_id, tecnico_id, estado_id, fecha_creacion, fechaiea, fecha_modificacion) VALUES (94, 'Sonido incontrolable', 'Aula 2', 'El ventilador suena como un helicóptero despegando.', 11, 16, 4, '2025-05-09 12:54:15', '2025-05-10 18:45:52', '2025-05-12 03:04:56');
INSERT INTO Incidencia (id, titulo, ubicacion, descripcion, reportante_id, tecnico_id, estado_id, fecha_creacion, fechaiea, fecha_modificacion) VALUES (95, 'Audio distorsionado', 'Aula 15', 'No se detecta ningún dispositivo de audio.', 3, 24, 3, '2025-05-04 20:49:21', '2025-05-05 05:53:40', '2025-05-05 09:20:11');
INSERT INTO Incidencia (id, titulo, ubicacion, descripcion, reportante_id, tecnico_id, estado_id, fecha_creacion, fechaiea, fecha_modificacion) VALUES (96, 'Conexión Wi-Fi de la Edad de Piedra', 'Aula 12', 'Cargar una web requiere pacto con fuerzas oscuras.', 3, 19, 3, '2025-05-08 22:46:01', '2025-05-10 13:30:49', '2025-05-11 05:29:28');
INSERT INTO Incidencia (id, titulo, ubicacion, descripcion, reportante_id, tecnico_id, estado_id, fecha_creacion, fechaiea, fecha_modificacion) VALUES (97, 'Pantalla poseída', 'Aula 1', 'El proyector proyecta el más allá en lugar del escritorio.', 12, 20, 1, '2025-05-05 09:20:52', '2025-05-05 11:03:00', '2025-05-05 17:56:42');
INSERT INTO Incidencia (id, titulo, ubicacion, descripcion, reportante_id, tecnico_id, estado_id, fecha_creacion, fechaiea, fecha_modificacion) VALUES (98, 'Trono de la incomodidad', 'Aula 8', 'Crúje más que mis rodillas al levantarme.', 8, 21, 3, '2025-05-05 00:15:05', '2025-05-06 14:41:28', '2025-05-06 19:16:19');
INSERT INTO Incidencia (id, titulo, ubicacion, descripcion, reportante_id, tecnico_id, estado_id, fecha_creacion, fechaiea, fecha_modificacion) VALUES (99, 'Aplicación no se inicia', 'Aula 3', 'El software instalado no es compatible con el sistema.', 23, 14, 2, '2025-05-01 06:11:03', '2025-05-02 09:59:21', '2025-05-02 12:01:00');
INSERT INTO Incidencia (id, titulo, ubicacion, descripcion, reportante_id, tecnico_id, estado_id, fecha_creacion, fechaiea, fecha_modificacion) VALUES (100, 'Teclado roto', 'Aula 9', 'Las teclas responden con retraso.', 12, 15, 2, '2025-05-07 15:41:41', '2025-05-08 03:44:27', '2025-05-09 03:13:06');
INSERT INTO Incidencia (id, titulo, ubicacion, descripcion, reportante_id, tecnico_id, estado_id, fecha_creacion, fechaiea, fecha_modificacion) VALUES (101, 'Fallo de entrada de teclado', 'Aula 6', 'Teclas pulsadas producen caracteres incorrectos.', 7, 14, 1, '2025-05-03 12:07:59', '2025-05-03 23:51:07', '2025-05-04 22:51:45');
INSERT INTO Incidencia (id, titulo, ubicacion, descripcion, reportante_id, tecnico_id, estado_id, fecha_creacion, fechaiea, fecha_modificacion) VALUES (102, 'Software desactualizado', 'Aula 15', 'Se genera un error al iniciar el programa.', 9, 21, 5, '2025-05-15 08:15:41', '2025-05-15 09:01:17', '2025-05-16 13:01:15');
INSERT INTO Incidencia (id, titulo, ubicacion, descripcion, reportante_id, tecnico_id, estado_id, fecha_creacion, fechaiea, fecha_modificacion) VALUES (103, 'Fallo en ventilación', 'Aula 14', 'Se siente aire caliente en lugar de frío.', 10, 15, 2, '2025-05-04 19:09:58', '2025-05-04 20:10:28', '2025-05-05 03:12:31');
INSERT INTO Incidencia (id, titulo, ubicacion, descripcion, reportante_id, tecnico_id, estado_id, fecha_creacion, fechaiea, fecha_modificacion) VALUES (104, 'Audio distorsionado', 'Aula 2', 'No se escucha nada a través de los altavoces.', 3, 20, 1, '2025-05-05 05:10:30', '2025-05-06 17:54:44', '2025-05-08 03:15:13');
INSERT INTO Incidencia (id, titulo, ubicacion, descripcion, reportante_id, tecnico_id, estado_id, fecha_creacion, fechaiea, fecha_modificacion) VALUES (105, 'Problemas de red', 'Aula 4', 'La conexión por cable no funciona.', 8, 16, 1, '2025-05-13 16:36:09', '2025-05-14 04:34:56', '2025-05-14 22:44:11');
INSERT INTO Incidencia (id, titulo, ubicacion, descripcion, reportante_id, tecnico_id, estado_id, fecha_creacion, fechaiea, fecha_modificacion) VALUES (106, 'Red más lenta que un caracol cojo', 'Aula 10', 'Zoom parece stop motion del siglo pasado.', 11, 15, 4, '2025-05-06 15:26:51', '2025-05-07 07:52:42', '2025-05-08 16:54:49');
INSERT INTO Incidencia (id, titulo, ubicacion, descripcion, reportante_id, tecnico_id, estado_id, fecha_creacion, fechaiea, fecha_modificacion) VALUES (107, 'Software desactualizado', 'Aula 17', 'El software instalado no es compatible con el sistema.', 3, 15, 1, '2025-05-18 00:33:33', '2025-05-19 13:23:15', '2025-05-20 18:56:34');
INSERT INTO Incidencia (id, titulo, ubicacion, descripcion, reportante_id, tecnico_id, estado_id, fecha_creacion, fechaiea, fecha_modificacion) VALUES (108, 'Problemas eléctricos', 'Aula 9', 'Los enchufes no funcionan correctamente.', 11, 5, 5, '2025-05-14 15:13:57', '2025-05-14 17:01:24', '2025-05-16 06:17:35');
INSERT INTO Incidencia (id, titulo, ubicacion, descripcion, reportante_id, tecnico_id, estado_id, fecha_creacion, fechaiea, fecha_modificacion) VALUES (109, 'Frío excesivo', 'Aula 10', 'Aqui hace mucho frio, OTRO MES QUE NO COBRAS.', 12, 16, 5, '2025-05-12 01:38:27', '2025-05-13 05:22:52', '2025-05-14 19:31:45');
ALTER TABLE Incidencia ALTER COLUMN id RESTART WITH 109;
INSERT INTO historial_estados (incidencia_id, estado_inicial_id, estado_actual_id, fecha_comienzo, fecha_final) VALUES (NULL, 5, 1, '2025-05-07 14:00:34', '2025-05-07 20:01:34');
INSERT INTO historial_estados (incidencia_id, estado_inicial_id, estado_actual_id, fecha_comienzo, fecha_final) VALUES (0, 1, 5, '2025-05-07 20:01:34', '2025-05-08 03:24:15');
INSERT INTO historial_estados (incidencia_id, estado_inicial_id, estado_actual_id, fecha_comienzo, fecha_final) VALUES (1, 5, 0, '2025-05-13 06:53:00', '2025-05-15 18:48:48');
INSERT INTO historial_estados (incidencia_id, estado_inicial_id, estado_actual_id, fecha_comienzo, fecha_final) VALUES (NULL, 5, 1, '2025-05-17 16:18:03', '2025-05-17 23:12:03');
INSERT INTO historial_estados (incidencia_id, estado_inicial_id, estado_actual_id, fecha_comienzo, fecha_final) VALUES (3, 1, 0, '2025-05-17 23:12:03', '2025-05-18 22:48:23');
INSERT INTO historial_estados (incidencia_id, estado_inicial_id, estado_actual_id, fecha_comienzo, fecha_final) VALUES (NULL, 5, 3, '2025-05-06 04:12:14', '2025-05-06 18:19:14');
INSERT INTO historial_estados (incidencia_id, estado_inicial_id, estado_actual_id, fecha_comienzo, fecha_final) VALUES (NULL, 3, 2, '2025-05-06 18:19:14', '2025-05-06 19:27:14');
INSERT INTO historial_estados (incidencia_id, estado_inicial_id, estado_actual_id, fecha_comienzo, fecha_final) VALUES (4, 2, 5, '2025-05-06 19:27:14', '2025-05-06 20:13:13');
INSERT INTO historial_estados (incidencia_id, estado_inicial_id, estado_actual_id, fecha_comienzo, fecha_final) VALUES (6, 5, 4, '2025-05-18 07:19:49', '2025-05-19 11:35:47');
INSERT INTO historial_estados (incidencia_id, estado_inicial_id, estado_actual_id, fecha_comienzo, fecha_final) VALUES (7, 5, 5, '2025-05-05 03:47:43', '2025-05-06 12:00:11');
INSERT INTO historial_estados (incidencia_id, estado_inicial_id, estado_actual_id, fecha_comienzo, fecha_final) VALUES (NULL, 5, 1, '2025-05-16 02:24:38', '2025-05-16 04:18:38');
INSERT INTO historial_estados (incidencia_id, estado_inicial_id, estado_actual_id, fecha_comienzo, fecha_final) VALUES (8, 1, 3, '2025-05-16 04:18:38', '2025-05-16 07:54:30');
INSERT INTO historial_estados (incidencia_id, estado_inicial_id, estado_actual_id, fecha_comienzo, fecha_final) VALUES (NULL, 5, 0, '2025-05-09 15:05:59', '2025-05-09 17:58:59');
INSERT INTO historial_estados (incidencia_id, estado_inicial_id, estado_actual_id, fecha_comienzo, fecha_final) VALUES (NULL, 0, 1, '2025-05-09 17:58:59', '2025-05-10 00:13:59');
INSERT INTO historial_estados (incidencia_id, estado_inicial_id, estado_actual_id, fecha_comienzo, fecha_final) VALUES (9, 1, 0, '2025-05-10 00:13:59', '2025-05-10 12:09:08');
INSERT INTO historial_estados (incidencia_id, estado_inicial_id, estado_actual_id, fecha_comienzo, fecha_final) VALUES (10, 5, 1, '2025-05-10 00:51:39', '2025-05-11 13:11:16');
INSERT INTO historial_estados (incidencia_id, estado_inicial_id, estado_actual_id, fecha_comienzo, fecha_final) VALUES (NULL, 5, 0, '2025-05-14 03:44:04', '2025-05-14 08:05:04');
INSERT INTO historial_estados (incidencia_id, estado_inicial_id, estado_actual_id, fecha_comienzo, fecha_final) VALUES (12, 0, 5, '2025-05-14 08:05:04', '2025-05-15 17:56:14');
INSERT INTO historial_estados (incidencia_id, estado_inicial_id, estado_actual_id, fecha_comienzo, fecha_final) VALUES (NULL, 5, 0, '2025-05-17 14:50:30', '2025-05-18 04:49:30');
INSERT INTO historial_estados (incidencia_id, estado_inicial_id, estado_actual_id, fecha_comienzo, fecha_final) VALUES (14, 0, 5, '2025-05-18 04:49:30', '2025-05-19 05:58:26');
INSERT INTO historial_estados (incidencia_id, estado_inicial_id, estado_actual_id, fecha_comienzo, fecha_final) VALUES (16, 5, 0, '2025-05-01 10:32:40', '2025-05-03 14:22:41');
INSERT INTO historial_estados (incidencia_id, estado_inicial_id, estado_actual_id, fecha_comienzo, fecha_final) VALUES (NULL, 5, 3, '2025-05-15 00:36:25', '2025-05-15 11:51:25');
INSERT INTO historial_estados (incidencia_id, estado_inicial_id, estado_actual_id, fecha_comienzo, fecha_final) VALUES (17, 3, 0, '2025-05-15 11:51:25', '2025-05-16 01:46:50');
INSERT INTO historial_estados (incidencia_id, estado_inicial_id, estado_actual_id, fecha_comienzo, fecha_final) VALUES (NULL, 5, 0, '2025-05-04 23:59:10', '2025-05-05 11:38:10');
INSERT INTO historial_estados (incidencia_id, estado_inicial_id, estado_actual_id, fecha_comienzo, fecha_final) VALUES (19, 0, 5, '2025-05-05 11:38:10', '2025-05-07 00:47:45');
INSERT INTO historial_estados (incidencia_id, estado_inicial_id, estado_actual_id, fecha_comienzo, fecha_final) VALUES (NULL, 5, 1, '2025-05-05 13:29:39', '2025-05-06 01:39:39');
INSERT INTO historial_estados (incidencia_id, estado_inicial_id, estado_actual_id, fecha_comienzo, fecha_final) VALUES (20, 1, 4, '2025-05-06 01:39:39', '2025-05-06 11:22:07');
INSERT INTO historial_estados (incidencia_id, estado_inicial_id, estado_actual_id, fecha_comienzo, fecha_final) VALUES (NULL, 5, 3, '2025-05-05 05:00:46', '2025-05-05 08:36:46');
INSERT INTO historial_estados (incidencia_id, estado_inicial_id, estado_actual_id, fecha_comienzo, fecha_final) VALUES (21, 3, 5, '2025-05-05 08:36:46', '2025-05-06 19:38:09');
INSERT INTO historial_estados (incidencia_id, estado_inicial_id, estado_actual_id, fecha_comienzo, fecha_final) VALUES (NULL, 5, 4, '2025-05-03 21:59:22', '2025-05-04 19:11:22');
INSERT INTO historial_estados (incidencia_id, estado_inicial_id, estado_actual_id, fecha_comienzo, fecha_final) VALUES (22, 4, 2, '2025-05-04 19:11:22', '2025-05-05 14:34:02');
INSERT INTO historial_estados (incidencia_id, estado_inicial_id, estado_actual_id, fecha_comienzo, fecha_final) VALUES (23, 5, 4, '2025-05-08 13:04:25', '2025-05-11 02:55:23');
INSERT INTO historial_estados (incidencia_id, estado_inicial_id, estado_actual_id, fecha_comienzo, fecha_final) VALUES (NULL, 5, 3, '2025-05-05 15:36:41', '2025-05-06 03:06:41');
INSERT INTO historial_estados (incidencia_id, estado_inicial_id, estado_actual_id, fecha_comienzo, fecha_final) VALUES (24, 3, 4, '2025-05-06 03:06:41', '2025-05-06 06:51:37');
INSERT INTO historial_estados (incidencia_id, estado_inicial_id, estado_actual_id, fecha_comienzo, fecha_final) VALUES (25, 5, 3, '2025-05-12 19:32:40', '2025-05-14 21:53:40');
INSERT INTO historial_estados (incidencia_id, estado_inicial_id, estado_actual_id, fecha_comienzo, fecha_final) VALUES (NULL, 5, 4, '2025-05-17 15:21:57', '2025-05-18 15:27:57');
INSERT INTO historial_estados (incidencia_id, estado_inicial_id, estado_actual_id, fecha_comienzo, fecha_final) VALUES (27, 4, 5, '2025-05-18 15:27:57', '2025-05-20 12:36:15');
INSERT INTO historial_estados (incidencia_id, estado_inicial_id, estado_actual_id, fecha_comienzo, fecha_final) VALUES (NULL, 5, 0, '2025-05-12 06:30:22', '2025-05-13 05:39:22');
INSERT INTO historial_estados (incidencia_id, estado_inicial_id, estado_actual_id, fecha_comienzo, fecha_final) VALUES (NULL, 0, 5, '2025-05-13 05:39:22', '2025-05-13 08:14:22');
INSERT INTO historial_estados (incidencia_id, estado_inicial_id, estado_actual_id, fecha_comienzo, fecha_final) VALUES (28, 5, 3, '2025-05-13 08:14:22', '2025-05-13 09:43:46');
INSERT INTO historial_estados (incidencia_id, estado_inicial_id, estado_actual_id, fecha_comienzo, fecha_final) VALUES (NULL, 5, 1, '2025-05-05 09:29:12', '2025-05-05 17:57:12');
INSERT INTO historial_estados (incidencia_id, estado_inicial_id, estado_actual_id, fecha_comienzo, fecha_final) VALUES (29, 1, 4, '2025-05-05 17:57:12', '2025-05-07 05:58:32');
INSERT INTO historial_estados (incidencia_id, estado_inicial_id, estado_actual_id, fecha_comienzo, fecha_final) VALUES (NULL, 5, 2, '2025-05-07 18:02:06', '2025-05-08 16:36:06');
INSERT INTO historial_estados (incidencia_id, estado_inicial_id, estado_actual_id, fecha_comienzo, fecha_final) VALUES (30, 2, 1, '2025-05-08 16:36:06', '2025-05-09 18:14:03');
INSERT INTO historial_estados (incidencia_id, estado_inicial_id, estado_actual_id, fecha_comienzo, fecha_final) VALUES (NULL, 5, 0, '2025-05-11 23:09:18', '2025-05-12 21:41:18');
INSERT INTO historial_estados (incidencia_id, estado_inicial_id, estado_actual_id, fecha_comienzo, fecha_final) VALUES (NULL, 0, 4, '2025-05-12 21:41:18', '2025-05-13 15:28:18');
INSERT INTO historial_estados (incidencia_id, estado_inicial_id, estado_actual_id, fecha_comienzo, fecha_final) VALUES (32, 4, 4, '2025-05-13 15:28:18', '2025-05-14 04:01:08');
INSERT INTO historial_estados (incidencia_id, estado_inicial_id, estado_actual_id, fecha_comienzo, fecha_final) VALUES (33, 5, 4, '2025-05-18 16:33:46', '2025-05-19 22:11:00');
INSERT INTO historial_estados (incidencia_id, estado_inicial_id, estado_actual_id, fecha_comienzo, fecha_final) VALUES (NULL, 5, 0, '2025-05-08 21:36:44', '2025-05-09 04:23:44');
INSERT INTO historial_estados (incidencia_id, estado_inicial_id, estado_actual_id, fecha_comienzo, fecha_final) VALUES (NULL, 0, 1, '2025-05-09 04:23:44', '2025-05-09 15:56:44');
INSERT INTO historial_estados (incidencia_id, estado_inicial_id, estado_actual_id, fecha_comienzo, fecha_final) VALUES (35, 1, 3, '2025-05-09 15:56:44', '2025-05-10 17:34:33');
INSERT INTO historial_estados (incidencia_id, estado_inicial_id, estado_actual_id, fecha_comienzo, fecha_final) VALUES (36, 5, 5, '2025-05-08 06:47:00', '2025-05-10 00:29:58');
INSERT INTO historial_estados (incidencia_id, estado_inicial_id, estado_actual_id, fecha_comienzo, fecha_final) VALUES (37, 5, 3, '2025-05-11 19:44:18', '2025-05-14 00:34:33');
INSERT INTO historial_estados (incidencia_id, estado_inicial_id, estado_actual_id, fecha_comienzo, fecha_final) VALUES (39, 5, 2, '2025-05-02 09:30:41', '2025-05-04 17:09:18');
INSERT INTO historial_estados (incidencia_id, estado_inicial_id, estado_actual_id, fecha_comienzo, fecha_final) VALUES (NULL, 5, 2, '2025-05-15 01:30:46', '2025-05-15 14:45:46');
INSERT INTO historial_estados (incidencia_id, estado_inicial_id, estado_actual_id, fecha_comienzo, fecha_final) VALUES (NULL, 2, 5, '2025-05-15 14:45:46', '2025-05-16 04:09:46');
INSERT INTO historial_estados (incidencia_id, estado_inicial_id, estado_actual_id, fecha_comienzo, fecha_final) VALUES (40, 5, 0, '2025-05-16 04:09:46', '2025-05-16 23:30:59');
INSERT INTO historial_estados (incidencia_id, estado_inicial_id, estado_actual_id, fecha_comienzo, fecha_final) VALUES (41, 5, 2, '2025-05-17 17:35:17', '2025-05-20 17:48:13');
INSERT INTO historial_estados (incidencia_id, estado_inicial_id, estado_actual_id, fecha_comienzo, fecha_final) VALUES (NULL, 5, 1, '2025-05-14 11:50:40', '2025-05-14 22:56:40');
INSERT INTO historial_estados (incidencia_id, estado_inicial_id, estado_actual_id, fecha_comienzo, fecha_final) VALUES (43, 1, 0, '2025-05-14 22:56:40', '2025-05-17 03:22:21');
INSERT INTO historial_estados (incidencia_id, estado_inicial_id, estado_actual_id, fecha_comienzo, fecha_final) VALUES (NULL, 5, 3, '2025-05-08 10:11:52', '2025-05-08 14:24:52');
INSERT INTO historial_estados (incidencia_id, estado_inicial_id, estado_actual_id, fecha_comienzo, fecha_final) VALUES (44, 3, 3, '2025-05-08 14:24:52', '2025-05-10 13:04:41');
INSERT INTO historial_estados (incidencia_id, estado_inicial_id, estado_actual_id, fecha_comienzo, fecha_final) VALUES (NULL, 5, 1, '2025-05-01 14:25:25', '2025-05-02 02:40:25');
INSERT INTO historial_estados (incidencia_id, estado_inicial_id, estado_actual_id, fecha_comienzo, fecha_final) VALUES (NULL, 1, 3, '2025-05-02 02:40:25', '2025-05-02 04:06:25');
INSERT INTO historial_estados (incidencia_id, estado_inicial_id, estado_actual_id, fecha_comienzo, fecha_final) VALUES (47, 3, 3, '2025-05-02 04:06:25', '2025-05-02 04:12:23');
INSERT INTO historial_estados (incidencia_id, estado_inicial_id, estado_actual_id, fecha_comienzo, fecha_final) VALUES (NULL, 5, 2, '2025-05-12 01:02:18', '2025-05-12 18:25:18');
INSERT INTO historial_estados (incidencia_id, estado_inicial_id, estado_actual_id, fecha_comienzo, fecha_final) VALUES (49, 2, 2, '2025-05-12 18:25:18', '2025-05-14 09:46:44');
INSERT INTO historial_estados (incidencia_id, estado_inicial_id, estado_actual_id, fecha_comienzo, fecha_final) VALUES (NULL, 5, 2, '2025-05-06 11:41:42', '2025-05-07 05:42:42');
INSERT INTO historial_estados (incidencia_id, estado_inicial_id, estado_actual_id, fecha_comienzo, fecha_final) VALUES (NULL, 2, 3, '2025-05-07 05:42:42', '2025-05-07 15:52:42');
INSERT INTO historial_estados (incidencia_id, estado_inicial_id, estado_actual_id, fecha_comienzo, fecha_final) VALUES (50, 3, 4, '2025-05-07 15:52:42', '2025-05-09 00:19:07');
INSERT INTO historial_estados (incidencia_id, estado_inicial_id, estado_actual_id, fecha_comienzo, fecha_final) VALUES (NULL, 5, 1, '2025-05-08 13:35:55', '2025-05-09 04:56:55');
INSERT INTO historial_estados (incidencia_id, estado_inicial_id, estado_actual_id, fecha_comienzo, fecha_final) VALUES (NULL, 1, 4, '2025-05-09 04:56:55', '2025-05-09 16:22:55');
INSERT INTO historial_estados (incidencia_id, estado_inicial_id, estado_actual_id, fecha_comienzo, fecha_final) VALUES (51, 4, 0, '2025-05-09 16:22:55', '2025-05-11 13:22:12');
INSERT INTO historial_estados (incidencia_id, estado_inicial_id, estado_actual_id, fecha_comienzo, fecha_final) VALUES (NULL, 5, 4, '2025-05-07 06:26:52', '2025-05-07 19:25:52');
INSERT INTO historial_estados (incidencia_id, estado_inicial_id, estado_actual_id, fecha_comienzo, fecha_final) VALUES (NULL, 4, 1, '2025-05-07 19:25:52', '2025-05-08 15:50:52');
INSERT INTO historial_estados (incidencia_id, estado_inicial_id, estado_actual_id, fecha_comienzo, fecha_final) VALUES (52, 1, 5, '2025-05-08 15:50:52', '2025-05-09 17:39:43');
INSERT INTO historial_estados (incidencia_id, estado_inicial_id, estado_actual_id, fecha_comienzo, fecha_final) VALUES (54, 5, 3, '2025-05-16 20:53:54', '2025-05-18 09:28:04');
INSERT INTO historial_estados (incidencia_id, estado_inicial_id, estado_actual_id, fecha_comienzo, fecha_final) VALUES (NULL, 5, 3, '2025-05-01 09:39:08', '2025-05-02 03:17:08');
INSERT INTO historial_estados (incidencia_id, estado_inicial_id, estado_actual_id, fecha_comienzo, fecha_final) VALUES (55, 3, 0, '2025-05-02 03:17:08', '2025-05-04 05:22:06');
INSERT INTO historial_estados (incidencia_id, estado_inicial_id, estado_actual_id, fecha_comienzo, fecha_final) VALUES (57, 5, 2, '2025-05-02 20:36:20', '2025-05-04 01:14:20');
INSERT INTO historial_estados (incidencia_id, estado_inicial_id, estado_actual_id, fecha_comienzo, fecha_final) VALUES (NULL, 5, 3, '2025-05-18 16:09:57', '2025-05-18 22:01:57');
INSERT INTO historial_estados (incidencia_id, estado_inicial_id, estado_actual_id, fecha_comienzo, fecha_final) VALUES (NULL, 3, 4, '2025-05-18 22:01:57', '2025-05-19 05:33:57');
INSERT INTO historial_estados (incidencia_id, estado_inicial_id, estado_actual_id, fecha_comienzo, fecha_final) VALUES (58, 4, 2, '2025-05-19 05:33:57', '2025-05-19 08:42:49');
INSERT INTO historial_estados (incidencia_id, estado_inicial_id, estado_actual_id, fecha_comienzo, fecha_final) VALUES (61, 5, 1, '2025-05-15 11:22:41', '2025-05-16 08:14:40');
INSERT INTO historial_estados (incidencia_id, estado_inicial_id, estado_actual_id, fecha_comienzo, fecha_final) VALUES (62, 5, 4, '2025-05-17 04:27:00', '2025-05-18 21:02:34');
INSERT INTO historial_estados (incidencia_id, estado_inicial_id, estado_actual_id, fecha_comienzo, fecha_final) VALUES (63, 5, 0, '2025-05-07 16:23:48', '2025-05-08 19:48:15');
INSERT INTO historial_estados (incidencia_id, estado_inicial_id, estado_actual_id, fecha_comienzo, fecha_final) VALUES (NULL, 5, 2, '2025-05-15 20:53:59', '2025-05-16 13:33:59');
INSERT INTO historial_estados (incidencia_id, estado_inicial_id, estado_actual_id, fecha_comienzo, fecha_final) VALUES (NULL, 2, 3, '2025-05-16 13:33:59', '2025-05-16 15:48:59');
INSERT INTO historial_estados (incidencia_id, estado_inicial_id, estado_actual_id, fecha_comienzo, fecha_final) VALUES (64, 3, 5, '2025-05-16 15:48:59', '2025-05-17 19:51:23');
INSERT INTO historial_estados (incidencia_id, estado_inicial_id, estado_actual_id, fecha_comienzo, fecha_final) VALUES (NULL, 5, 4, '2025-05-02 23:39:08', '2025-05-03 04:06:08');
INSERT INTO historial_estados (incidencia_id, estado_inicial_id, estado_actual_id, fecha_comienzo, fecha_final) VALUES (NULL, 4, 2, '2025-05-03 04:06:08', '2025-05-03 17:20:08');
INSERT INTO historial_estados (incidencia_id, estado_inicial_id, estado_actual_id, fecha_comienzo, fecha_final) VALUES (65, 2, 5, '2025-05-03 17:20:08', '2025-05-04 00:40:13');
INSERT INTO historial_estados (incidencia_id, estado_inicial_id, estado_actual_id, fecha_comienzo, fecha_final) VALUES (66, 5, 2, '2025-05-16 15:04:19', '2025-05-18 07:17:57');
INSERT INTO historial_estados (incidencia_id, estado_inicial_id, estado_actual_id, fecha_comienzo, fecha_final) VALUES (NULL, 5, 4, '2025-05-17 10:08:39', '2025-05-18 01:50:39');
INSERT INTO historial_estados (incidencia_id, estado_inicial_id, estado_actual_id, fecha_comienzo, fecha_final) VALUES (NULL, 4, 2, '2025-05-18 01:50:39', '2025-05-18 09:06:39');
INSERT INTO historial_estados (incidencia_id, estado_inicial_id, estado_actual_id, fecha_comienzo, fecha_final) VALUES (68, 2, 3, '2025-05-18 09:06:39', '2025-05-18 15:22:57');
INSERT INTO historial_estados (incidencia_id, estado_inicial_id, estado_actual_id, fecha_comienzo, fecha_final) VALUES (69, 5, 2, '2025-05-05 21:49:50', '2025-05-06 19:52:58');
INSERT INTO historial_estados (incidencia_id, estado_inicial_id, estado_actual_id, fecha_comienzo, fecha_final) VALUES (70, 5, 4, '2025-05-10 05:05:07', '2025-05-12 08:42:23');
INSERT INTO historial_estados (incidencia_id, estado_inicial_id, estado_actual_id, fecha_comienzo, fecha_final) VALUES (NULL, 5, 1, '2025-05-10 12:29:03', '2025-05-10 17:43:03');
INSERT INTO historial_estados (incidencia_id, estado_inicial_id, estado_actual_id, fecha_comienzo, fecha_final) VALUES (73, 1, 0, '2025-05-10 17:43:03', '2025-05-12 12:56:32');
INSERT INTO historial_estados (incidencia_id, estado_inicial_id, estado_actual_id, fecha_comienzo, fecha_final) VALUES (74, 5, 3, '2025-05-09 20:26:36', '2025-05-11 12:31:11');
INSERT INTO historial_estados (incidencia_id, estado_inicial_id, estado_actual_id, fecha_comienzo, fecha_final) VALUES (NULL, 5, 2, '2025-05-16 11:00:47', '2025-05-16 16:02:47');
INSERT INTO historial_estados (incidencia_id, estado_inicial_id, estado_actual_id, fecha_comienzo, fecha_final) VALUES (NULL, 2, 0, '2025-05-16 16:02:47', '2025-05-16 19:20:47');
INSERT INTO historial_estados (incidencia_id, estado_inicial_id, estado_actual_id, fecha_comienzo, fecha_final) VALUES (75, 0, 1, '2025-05-16 19:20:47', '2025-05-17 19:32:37');
INSERT INTO historial_estados (incidencia_id, estado_inicial_id, estado_actual_id, fecha_comienzo, fecha_final) VALUES (76, 5, 2, '2025-05-13 05:19:31', '2025-05-14 16:09:50');
INSERT INTO historial_estados (incidencia_id, estado_inicial_id, estado_actual_id, fecha_comienzo, fecha_final) VALUES (NULL, 5, 4, '2025-05-01 03:27:12', '2025-05-02 01:28:12');
INSERT INTO historial_estados (incidencia_id, estado_inicial_id, estado_actual_id, fecha_comienzo, fecha_final) VALUES (NULL, 4, 1, '2025-05-02 01:28:12', '2025-05-02 10:09:12');
INSERT INTO historial_estados (incidencia_id, estado_inicial_id, estado_actual_id, fecha_comienzo, fecha_final) VALUES (77, 1, 5, '2025-05-02 10:09:12', '2025-05-02 13:12:07');
INSERT INTO historial_estados (incidencia_id, estado_inicial_id, estado_actual_id, fecha_comienzo, fecha_final) VALUES (78, 5, 4, '2025-05-15 12:16:56', '2025-05-17 05:06:38');
INSERT INTO historial_estados (incidencia_id, estado_inicial_id, estado_actual_id, fecha_comienzo, fecha_final) VALUES (80, 5, 3, '2025-05-01 23:15:59', '2025-05-04 09:51:15');
INSERT INTO historial_estados (incidencia_id, estado_inicial_id, estado_actual_id, fecha_comienzo, fecha_final) VALUES (81, 5, 1, '2025-05-10 00:27:00', '2025-05-11 22:44:56');
INSERT INTO historial_estados (incidencia_id, estado_inicial_id, estado_actual_id, fecha_comienzo, fecha_final) VALUES (82, 5, 2, '2025-05-10 14:13:12', '2025-05-12 23:58:58');
INSERT INTO historial_estados (incidencia_id, estado_inicial_id, estado_actual_id, fecha_comienzo, fecha_final) VALUES (NULL, 5, 1, '2025-05-08 09:47:30', '2025-05-08 13:27:30');
INSERT INTO historial_estados (incidencia_id, estado_inicial_id, estado_actual_id, fecha_comienzo, fecha_final) VALUES (85, 1, 4, '2025-05-08 13:27:30', '2025-05-09 08:24:53');
INSERT INTO historial_estados (incidencia_id, estado_inicial_id, estado_actual_id, fecha_comienzo, fecha_final) VALUES (86, 5, 1, '2025-05-13 09:28:49', '2025-05-14 22:59:45');
INSERT INTO historial_estados (incidencia_id, estado_inicial_id, estado_actual_id, fecha_comienzo, fecha_final) VALUES (88, 5, 5, '2025-05-07 11:56:05', '2025-05-08 00:24:25');
INSERT INTO historial_estados (incidencia_id, estado_inicial_id, estado_actual_id, fecha_comienzo, fecha_final) VALUES (90, 5, 1, '2025-05-11 00:46:17', '2025-05-11 06:37:36');
INSERT INTO historial_estados (incidencia_id, estado_inicial_id, estado_actual_id, fecha_comienzo, fecha_final) VALUES (NULL, 5, 2, '2025-05-16 21:42:26', '2025-05-17 15:10:26');
INSERT INTO historial_estados (incidencia_id, estado_inicial_id, estado_actual_id, fecha_comienzo, fecha_final) VALUES (92, 2, 0, '2025-05-17 15:10:26', '2025-05-17 17:44:59');
INSERT INTO historial_estados (incidencia_id, estado_inicial_id, estado_actual_id, fecha_comienzo, fecha_final) VALUES (NULL, 5, 2, '2025-05-13 20:40:36', '2025-05-14 09:54:36');
INSERT INTO historial_estados (incidencia_id, estado_inicial_id, estado_actual_id, fecha_comienzo, fecha_final) VALUES (93, 2, 5, '2025-05-14 09:54:36', '2025-05-16 12:22:44');
INSERT INTO historial_estados (incidencia_id, estado_inicial_id, estado_actual_id, fecha_comienzo, fecha_final) VALUES (NULL, 5, 2, '2025-05-09 12:54:15', '2025-05-10 11:39:15');
INSERT INTO historial_estados (incidencia_id, estado_inicial_id, estado_actual_id, fecha_comienzo, fecha_final) VALUES (NULL, 2, 5, '2025-05-10 11:39:15', '2025-05-11 08:32:15');
INSERT INTO historial_estados (incidencia_id, estado_inicial_id, estado_actual_id, fecha_comienzo, fecha_final) VALUES (94, 5, 4, '2025-05-11 08:32:15', '2025-05-12 03:04:56');
INSERT INTO historial_estados (incidencia_id, estado_inicial_id, estado_actual_id, fecha_comienzo, fecha_final) VALUES (96, 5, 3, '2025-05-08 22:46:01', '2025-05-11 05:29:28');
INSERT INTO historial_estados (incidencia_id, estado_inicial_id, estado_actual_id, fecha_comienzo, fecha_final) VALUES (97, 5, 1, '2025-05-05 09:20:52', '2025-05-05 17:56:42');
INSERT INTO historial_estados (incidencia_id, estado_inicial_id, estado_actual_id, fecha_comienzo, fecha_final) VALUES (NULL, 5, 1, '2025-05-05 00:15:05', '2025-05-05 14:12:05');
INSERT INTO historial_estados (incidencia_id, estado_inicial_id, estado_actual_id, fecha_comienzo, fecha_final) VALUES (98, 1, 3, '2025-05-05 14:12:05', '2025-05-06 19:16:19');
INSERT INTO historial_estados (incidencia_id, estado_inicial_id, estado_actual_id, fecha_comienzo, fecha_final) VALUES (NULL, 5, 2, '2025-05-01 06:11:03', '2025-05-01 15:46:03');
INSERT INTO historial_estados (incidencia_id, estado_inicial_id, estado_actual_id, fecha_comienzo, fecha_final) VALUES (NULL, 2, 5, '2025-05-01 15:46:03', '2025-05-02 11:49:03');
INSERT INTO historial_estados (incidencia_id, estado_inicial_id, estado_actual_id, fecha_comienzo, fecha_final) VALUES (99, 5, 2, '2025-05-02 11:49:03', '2025-05-02 12:01:00');
INSERT INTO historial_estados (incidencia_id, estado_inicial_id, estado_actual_id, fecha_comienzo, fecha_final) VALUES (NULL, 5, 0, '2025-05-03 12:07:59', '2025-05-04 12:30:59');
INSERT INTO historial_estados (incidencia_id, estado_inicial_id, estado_actual_id, fecha_comienzo, fecha_final) VALUES (101, 0, 1, '2025-05-04 12:30:59', '2025-05-04 22:51:45');
INSERT INTO historial_estados (incidencia_id, estado_inicial_id, estado_actual_id, fecha_comienzo, fecha_final) VALUES (NULL, 5, 3, '2025-05-15 08:15:41', '2025-05-16 03:41:41');
INSERT INTO historial_estados (incidencia_id, estado_inicial_id, estado_actual_id, fecha_comienzo, fecha_final) VALUES (102, 3, 5, '2025-05-16 03:41:41', '2025-05-16 13:01:15');
INSERT INTO historial_estados (incidencia_id, estado_inicial_id, estado_actual_id, fecha_comienzo, fecha_final) VALUES (NULL, 5, 3, '2025-05-04 19:09:58', '2025-05-04 20:18:58');
INSERT INTO historial_estados (incidencia_id, estado_inicial_id, estado_actual_id, fecha_comienzo, fecha_final) VALUES (103, 3, 2, '2025-05-04 20:18:58', '2025-05-05 03:12:31');
INSERT INTO historial_estados (incidencia_id, estado_inicial_id, estado_actual_id, fecha_comienzo, fecha_final) VALUES (NULL, 5, 0, '2025-05-05 05:10:30', '2025-05-05 09:42:30');
INSERT INTO historial_estados (incidencia_id, estado_inicial_id, estado_actual_id, fecha_comienzo, fecha_final) VALUES (NULL, 0, 3, '2025-05-05 09:42:30', '2025-05-06 08:15:30');
INSERT INTO historial_estados (incidencia_id, estado_inicial_id, estado_actual_id, fecha_comienzo, fecha_final) VALUES (104, 3, 1, '2025-05-06 08:15:30', '2025-05-08 03:15:13');
INSERT INTO historial_estados (incidencia_id, estado_inicial_id, estado_actual_id, fecha_comienzo, fecha_final) VALUES (NULL, 5, 1, '2025-05-13 16:36:09', '2025-05-14 01:03:09');
INSERT INTO historial_estados (incidencia_id, estado_inicial_id, estado_actual_id, fecha_comienzo, fecha_final) VALUES (NULL, 1, 4, '2025-05-14 01:03:09', '2025-05-14 16:20:09');
INSERT INTO historial_estados (incidencia_id, estado_inicial_id, estado_actual_id, fecha_comienzo, fecha_final) VALUES (105, 4, 1, '2025-05-14 16:20:09', '2025-05-14 22:44:11');
INSERT INTO historial_estados (incidencia_id, estado_inicial_id, estado_actual_id, fecha_comienzo, fecha_final) VALUES (106, 5, 4, '2025-05-06 15:26:51', '2025-05-08 16:54:49');
INSERT INTO historial_estados (incidencia_id, estado_inicial_id, estado_actual_id, fecha_comienzo, fecha_final) VALUES (NULL, 5, 3, '2025-05-18 00:33:33', '2025-05-18 05:24:33');
INSERT INTO historial_estados (incidencia_id, estado_inicial_id, estado_actual_id, fecha_comienzo, fecha_final) VALUES (107, 3, 1, '2025-05-18 05:24:33', '2025-05-20 18:56:34');
INSERT INTO historial_estados (incidencia_id, estado_inicial_id, estado_actual_id, fecha_comienzo, fecha_final) VALUES (NULL, 5, 1, '2025-05-12 01:38:27', '2025-05-13 02:35:27');
INSERT INTO historial_estados (incidencia_id, estado_inicial_id, estado_actual_id, fecha_comienzo, fecha_final) VALUES (109, 1, 5, '2025-05-13 02:35:27', '2025-05-14 19:31:45');