INSERT INTO Estado (id, nombre, valor, activo, color_fondo, color_texto, tipo) VALUES (1, 'Resuelto', 'resuelto', true, '#198754', '#000000', 2);
INSERT INTO Estado (id, nombre, valor, activo, color_fondo, color_texto, tipo) VALUES (2, 'En Proceso', 'en-proceso', true, '#0dcaf0', '#000000', 1);
INSERT INTO Estado (id, nombre, valor, activo, color_fondo, color_texto, tipo) VALUES (3, 'Cancelado', 'cancelado', true, '#dc3545', '#ffffff', 2);
INSERT INTO Estado (id, nombre, valor, activo, color_fondo, color_texto, tipo) VALUES (4, 'Bloqueado', 'bloqueado', true, '#6c757d', '#ffffff', 1);
INSERT INTO Estado (id, nombre, valor, activo, color_fondo, color_texto, tipo) VALUES (5, 'Sin Estado', 'sin-estado', true, '#04c7f5', '#ffffff', 0);
INSERT INTO Estado (id, nombre, valor, activo, color_fondo, color_texto, tipo) VALUES (6, 'Pendiente', 'pendiente', true, '#ffc107', '#000000', 0);

ALTER TABLE Estado ALTER COLUMN id RESTART WITH 7;

INSERT INTO Usuario (id, username, password, rol, nombre, apellidos, email, telefono, fecha_registro, editable) VALUES (1, 'user01', '$2a$12$7.MmeCKa9h.4u2uC31zOgOKFEyXQmIWKswTbNu4.MQedYyvQ2pgzW', 'USER', 'Ana', 'Martínez', 'ana.martinez@example.com', '612345678', '2024-11-03', true);
INSERT INTO Usuario (id, username, password, rol, nombre, apellidos, email, telefono, fecha_registro, editable) VALUES (2, 'user02', '$2a$12$Ur0Am.HjJ0WseHbtWuZLjuJ2yBbyQU5MJPORmweLEEd5ip2C05IYq', 'USER', 'Carlos', 'Jiménez', 'carlos.jimenez@example.com', '622345679', '2024-12-10', true);
INSERT INTO Usuario (id, username, password, rol, nombre, apellidos, email, telefono, fecha_registro, editable) VALUES (3, 'user03', '$2a$12$qiHV.kWZWYJXcpQWUwJME.c4o2bZxgINRb8jQCghvK5MrMRD0kNCy', 'USER', 'Lucía', 'Navarro', 'lucia.navarro@example.com', '632345680', '2025-01-05', true);
INSERT INTO Usuario (id, username, password, rol, nombre, apellidos, email, telefono, fecha_registro, editable) VALUES (4, 'user04', '$2a$12$Z9N.3Njv.bBXFfui5ysesu6Oc39oXfGs8n7V45ae/QIMunErTl3Fy', 'USER', 'David', 'Fernández', 'david.fernandez@example.com', '642345681', '2025-02-12', true);
INSERT INTO usuario (id, username, password, nombre, apellidos, rol, editable) VALUES (5, 'sin-tecnico', 'sin-tecnico', 'Sin Tecnico', '', 'TECH',false);
INSERT INTO usuario (id, username, password, nombre, apellidos, rol, editable) VALUES (6, 'sin-reportante', 'sin-reportante', 'Sin Reportante', '','USER',false);
INSERT INTO Usuario (id, username, password, rol, nombre, apellidos, email, telefono, fecha_registro, editable) VALUES (7, 'user05', '$2a$12$BxOL/W6prcl10mPFM8sTlOudTdxmw/mNqYsINIkw5Ze1otkt58X0q', 'USER', 'Elena', 'Romero', 'elena.romero@example.com', '652345682', '2025-03-18', true);
INSERT INTO Usuario (id, username, password, rol, nombre, apellidos, email, telefono, fecha_registro, editable) VALUES (8, 'user06', '$2a$12$wcv3W3nrkedYQM1py43D5OyoxU6WOmPqrwDmnR7CnOtkzO2M44fhG', 'USER', 'Javier', 'Ortiz', 'javier.ortiz@example.com', '662345683', '2025-03-21', true);
INSERT INTO Usuario (id, username, password, rol, nombre, apellidos, email, telefono, fecha_registro, editable) VALUES (9, 'user07', '$2a$12$.Xv5w.qDf964rO.2x8TBJOu.Yq6xR7kXLOQUrwcHdpS8lYsfQB5yq', 'USER', 'Sara', 'Cano', 'sara.cano@example.com', '672345684', '2025-03-27', true);
INSERT INTO Usuario (id, username, password, rol, nombre, apellidos, email, telefono, fecha_registro, editable) VALUES (10, 'user08', '$2a$12$qL1JYDBiYRpCwyUp9/r/euX7gmLChdir8NAX7LJQBWS6DApOZxQ.i', 'USER', 'Mario', 'González', 'mario.gonzalez@example.com', '682345685', '2025-04-04', true);
INSERT INTO Usuario (id, username, password, rol, nombre, apellidos, email, telefono, fecha_registro, editable) VALUES (11, 'user09', '$2a$12$WL05lv72x9P6zeymFJzqre5smIW5t6L/v832MDKaZIyG4uTG7NsaK', 'USER', 'Nuria', 'Sanz', 'nuria.sanz@example.com', '692345686', '2025-04-11', true);
INSERT INTO Usuario (id, username, password, rol, nombre, apellidos, email, telefono, fecha_registro, editable) VALUES (12, 'user10', '$2a$12$smC6itF8JbqT83mXwnBPOu8ibh9aB/HryghmzLRB2B2/MJH1ImSom', 'USER', 'Raúl', 'Alonso', 'raul.alonso@example.com', '602345687', '2025-04-17', true);
INSERT INTO Usuario (id, username, password, rol, nombre, apellidos, email, telefono, fecha_registro, editable) VALUES (13, 'tech01', '$2a$12$mYl/eUWoje6/6cs0OoYGa.4IOH4iG5ziFr5go4c/V6Nr9bmyl.z/q', 'TECH', 'Isabel', 'Pérez', 'isabel.perez@example.com', '611111111', '2025-04-20', true);
INSERT INTO Usuario (id, username, password, rol, nombre, apellidos, email, telefono, fecha_registro, editable) VALUES (14, 'tech02', '$2a$12$JfN31Y95PREiph5/yuvBreFZhovgrjSzyGxdzC5EhdqPqMiJbdB8S', 'TECH', 'Pedro', 'Herrera', 'pedro.herrera@example.com', '622222222', '2025-04-21', true);
INSERT INTO Usuario (id, username, password, rol, nombre, apellidos, email, telefono, fecha_registro, editable) VALUES (15, 'tech03', '$2a$12$FePPC3xeTTHl8FsgK1APFuH8Sxdnh48BGoIq8k/HFkxG1RwyxOdlu', 'TECH', 'Claudia', 'Mora', 'claudia.mora@example.com', '633333333', '2025-04-22', true);
INSERT INTO Usuario (id, username, password, rol, nombre, apellidos, email, telefono, fecha_registro, editable) VALUES (16, 'tech04', '$2a$12$obaRrurahwkaCtabLacxg.rVgpJO9Bo2jaEPvmrK1EP/xiF/tNS1m', 'TECH', 'Alberto', 'Reyes', 'alberto.reyes@example.com', '644444444', '2025-04-23', true);
INSERT INTO Usuario (id, username, password, rol, nombre, apellidos, email, telefono, fecha_registro, editable) VALUES (17, 'tech05', '$2a$12$obaRrurahwkaCtabLacxg.rVgpJO9Bo2jaEPvmrK1EP/xiF/tNS1m', 'TECH', 'Patricia', 'Crespo', 'patricia.crespo@example.com', '655555555', '2025-04-24', true);
INSERT INTO Usuario (id, username, password, rol, nombre, apellidos, email, telefono, fecha_registro, editable) VALUES (18, 'tech06', '$2a$12$obaRrurahwkaCtabLacxg.rVgpJO9Bo2jaEPvmrK1EP/xiF/tNS1m', 'TECH', 'Hugo', 'López', 'hugo.lopez@example.com', '666666666', '2025-04-25', true);
INSERT INTO Usuario (id, username, password, rol, nombre, apellidos, email, telefono, fecha_registro, editable) VALUES (19, 'tech07', '$2a$12$obaRrurahwkaCtabLacxg.rVgpJO9Bo2jaEPvmrK1EP/xiF/tNS1m', 'TECH', 'Teresa', 'Delgado', 'teresa.delgado@example.com', '677777777', '2025-04-26', true);
INSERT INTO Usuario (id, username, password, rol, nombre, apellidos, email, telefono, fecha_registro, editable) VALUES (20, 'tech08', '$2a$12$obaRrurahwkaCtabLacxg.rVgpJO9Bo2jaEPvmrK1EP/xiF/tNS1m', 'TECH', 'Andrés', 'Ruiz', 'andres.ruiz@example.com', '688888888', '2025-04-27', true);
INSERT INTO Usuario (id, username, password, rol, nombre, apellidos, email, telefono, fecha_registro, editable) VALUES (21, 'tech09', '$2a$12$obaRrurahwkaCtabLacxg.rVgpJO9Bo2jaEPvmrK1EP/xiF/tNS1m', 'TECH', 'Laura', 'Suárez', 'laura.suarez@example.com', '699999999', '2025-04-28', true);
INSERT INTO Usuario (id, username, password, rol, nombre, apellidos, email, telefono, fecha_registro, editable) VALUES (22, 'tech10', '$2a$12$obaRrurahwkaCtabLacxg.rVgpJO9Bo2jaEPvmrK1EP/xiF/tNS1m', 'TECH', 'Sergio', 'Bermúdez', 'sergio.bermudez@example.com', '600000000', '2025-04-29', true);
INSERT INTO Usuario (id,username,password,rol,editable, nombre, apellidos, fecha_registro) VALUES (23,'user','$2a$10$P.INQOjXA6Krg12MKDl3ne0jZKqQPwjdNd9LfzYl9m2GTwm1nfm3y','USER',false,'user','','2025-05-21');
INSERT INTO usuario (id, username, password, nombre, apellidos, rol, editable, fecha_registro) VALUES (24, 'tech', '$2a$12$cVbhu2H9QtaWAA8zmXs7luqThZjcKrBTLd5upkgn.SFRPEVo76OKm', 'tech', '', 'TECH',false,'2025-05-21');
ALTER TABLE usuario ALTER COLUMN id RESTART WITH 25;
INSERT INTO usuario (username, password, nombre, apellidos, rol, editable, fecha_registro) VALUES ( 'admin', '$2a$12$fMCbeiD5ulJd0HVupQClOeUglGpw9z2UphGQPI3ANsiEtGP.TA67K', 'admin', '', 'ADMIN',false,'2025-05-21');
INSERT INTO Incidencia (id, titulo, ubicacion, descripcion, reportante_id, tecnico_id, estado_id, fecha_creacion, fechaiea, fecha_modificacion) VALUES (0, 'Internet con pedal', 'Aula 3', 'Zoom parece stop motion del siglo pasado.', 3, 24, 4, '2025-05-06 13:31:34', '2025-05-07 10:16:16', '2025-05-07 17:38:51');
INSERT INTO Incidencia (id, titulo, ubicacion, descripcion, reportante_id, tecnico_id, estado_id, fecha_creacion, fechaiea, fecha_modificacion) VALUES (1, 'Tablet bloqueada', 'Aula 19', 'La pantalla de la tablet no responde al tacto.', 1, 21, 1, '2025-05-17 13:25:05', '2025-05-18 00:59:13', '2025-05-18 00:59:13');
INSERT INTO Incidencia (id, titulo, ubicacion, descripcion, reportante_id, tecnico_id, estado_id, fecha_creacion, fechaiea, fecha_modificacion) VALUES (2, 'Aplicación no se inicia', 'Aula 3', 'La aplicación se cierra inesperadamente.', 8, 24, 2, '2025-05-10 18:50:48', '2025-05-11 17:56:23', '2025-05-12 05:04:59');
INSERT INTO Incidencia (id, titulo, ubicacion, descripcion, reportante_id, tecnico_id, estado_id, fecha_creacion, fechaiea, fecha_modificacion) VALUES (3, 'Trono de la incomodidad', 'Aula 17', 'La silla gira sola cuando no debería.', 2, 24, 1, '2025-05-15 05:16:57', '2025-05-16 03:35:58', '2025-05-16 03:35:58');
INSERT INTO Incidencia (id, titulo, ubicacion, descripcion, reportante_id, tecnico_id, estado_id, fecha_creacion, fechaiea, fecha_modificacion) VALUES (4, 'Problemas de red', 'Aula 15', 'Los dispositivos no logran conectarse a la red Wi-Fi.', 23, 14, 1, '2025-05-08 15:22:47', '2025-05-09 14:21:48', '2025-05-09 14:21:48');
INSERT INTO Incidencia (id, titulo, ubicacion, descripcion, reportante_id, tecnico_id, estado_id, fecha_creacion, fechaiea, fecha_modificacion) VALUES (5, 'Calor excesivo', 'Aula 15', 'Los ventiladores no funcionan.', 9, 14, 5, '2025-05-03 17:03:16', '2025-05-04 15:20:14', '2025-05-05 08:21:44');
INSERT INTO Incidencia (id, titulo, ubicacion, descripcion, reportante_id, tecnico_id, estado_id, fecha_creacion, fechaiea, fecha_modificacion) VALUES (6, 'Aplicación no se inicia', 'Aula 20', 'Se genera un error al iniciar el programa.', 3, 20, 5, '2025-05-07 08:09:40', '2025-05-08 20:11:09', '2025-05-09 09:09:22');
INSERT INTO Incidencia (id, titulo, ubicacion, descripcion, reportante_id, tecnico_id, estado_id, fecha_creacion, fechaiea, fecha_modificacion) VALUES (7, 'Asiento de tortura medieval', 'Aula 4', 'La silla gira sola cuando no debería.', 11, 21, 4, '2025-05-01 10:12:21', '2025-05-01 13:13:16', '2025-05-02 06:06:36');
INSERT INTO Incidencia (id, titulo, ubicacion, descripcion, reportante_id, tecnico_id, estado_id, fecha_creacion, fechaiea, fecha_modificacion) VALUES (8, 'Internet con pedal', 'Aula 13', 'El icono de carga se ha convertido en decoración permanente.', 23, 14, 1, '2025-05-04 08:42:57', '2025-05-04 18:34:32', '2025-05-04 18:34:32');
INSERT INTO Incidencia (id, titulo, ubicacion, descripcion, reportante_id, tecnico_id, estado_id, fecha_creacion, fechaiea, fecha_modificacion) VALUES (9, 'Teclado roto', 'Aula 2', 'Teclas pulsadas producen caracteres incorrectos.', 2, 20, 6, '2025-05-02 01:18:51', '2025-05-02 19:59:52', '2025-05-03 08:15:06');
INSERT INTO Incidencia (id, titulo, ubicacion, descripcion, reportante_id, tecnico_id, estado_id, fecha_creacion, fechaiea, fecha_modificacion) VALUES (10, 'Cortocircuito', 'Aula 5', 'El equipo no enciende por falta de energía.', 7, 13, 5, '2025-05-04 01:31:36', '2025-05-04 08:35:03', '2025-05-05 06:31:13');
INSERT INTO Incidencia (id, titulo, ubicacion, descripcion, reportante_id, tecnico_id, estado_id, fecha_creacion, fechaiea, fecha_modificacion) VALUES (11, 'Fallo de audio', 'Aula 1', 'No se detecta ningún dispositivo de audio.', 10, 16, 1, '2025-05-16 16:36:11', '2025-05-17 16:00:50', '2025-05-17 16:00:50');
INSERT INTO Incidencia (id, titulo, ubicacion, descripcion, reportante_id, tecnico_id, estado_id, fecha_creacion, fechaiea, fecha_modificacion) VALUES (12, 'Problemas eléctricos', 'Aula 17', 'El equipo no enciende por falta de energía.', 2, 24, 4, '2025-05-18 19:19:00', '2025-05-19 12:04:36', '2025-05-19 15:40:48');
INSERT INTO Incidencia (id, titulo, ubicacion, descripcion, reportante_id, tecnico_id, estado_id, fecha_creacion, fechaiea, fecha_modificacion) VALUES (13, 'Fallo de entrada de teclado', 'Aula 3', 'El teclado no responde en absoluto.', 9, 13, 2, '2025-05-11 23:28:22', '2025-05-13 06:16:20', '2025-05-14 05:37:59');
INSERT INTO Incidencia (id, titulo, ubicacion, descripcion, reportante_id, tecnico_id, estado_id, fecha_creacion, fechaiea, fecha_modificacion) VALUES (14, 'Fallo en ventilación', 'Aula 19', 'Hace mas calor que en la comunion de charmander', 10, 19, 5, '2025-05-10 05:05:48', '2025-05-10 06:48:35', '2025-05-11 04:37:36');
INSERT INTO Incidencia (id, titulo, ubicacion, descripcion, reportante_id, tecnico_id, estado_id, fecha_creacion, fechaiea, fecha_modificacion) VALUES (15, 'Fallo de pantalla en tablet', 'Aula 19', 'La pantalla de la tablet no responde al tacto.', 10, 24, 4, '2025-05-09 14:41:34', '2025-05-10 20:35:00', '2025-05-10 22:44:24');
INSERT INTO Incidencia (id, titulo, ubicacion, descripcion, reportante_id, tecnico_id, estado_id, fecha_creacion, fechaiea, fecha_modificacion) VALUES (16, 'Fallo de energía', 'Aula 19', 'Se detecta un cortocircuito en el aula.', 2, 21, 1, '2025-05-11 17:48:59', '2025-05-12 15:55:07', '2025-05-12 15:55:07');
INSERT INTO Incidencia (id, titulo, ubicacion, descripcion, reportante_id, tecnico_id, estado_id, fecha_creacion, fechaiea, fecha_modificacion) VALUES (17, 'Trono de la incomodidad', 'Aula 16', 'Crúje más que mis rodillas al levantarme.', 7, 21, 3, '2025-05-08 05:15:00', '2025-05-08 22:31:12', '2025-05-08 22:31:12');
INSERT INTO Incidencia (id, titulo, ubicacion, descripcion, reportante_id, tecnico_id, estado_id, fecha_creacion, fechaiea, fecha_modificacion) VALUES (18, 'Sistema operativo corrupto', 'Aula 11', 'El disco duro no es detectado.', 4, 18, 5, '2025-05-04 07:58:43', '2025-05-05 18:41:05', '2025-05-06 21:41:42');
INSERT INTO Incidencia (id, titulo, ubicacion, descripcion, reportante_id, tecnico_id, estado_id, fecha_creacion, fechaiea, fecha_modificacion) VALUES (19, 'Wi-Fi desconectado', 'Aula 17', 'El punto de acceso Wi-Fi no aparece disponible.', 8, 16, 6, '2025-05-06 08:42:32', '2025-05-07 10:37:05', '2025-05-08 01:07:26');
INSERT INTO Incidencia (id, titulo, ubicacion, descripcion, reportante_id, tecnico_id, estado_id, fecha_creacion, fechaiea, fecha_modificacion) VALUES (20, 'Proyector en modo abstracto', 'Aula 11', 'Creo que algun gracioso esta apagando pantallas', 2, 5, 5, '2025-05-09 15:43:50', '2025-05-10 19:30:09', '2025-05-11 15:13:56');
INSERT INTO Incidencia (id, titulo, ubicacion, descripcion, reportante_id, tecnico_id, estado_id, fecha_creacion, fechaiea, fecha_modificacion) VALUES (21, 'Fallo en ventilación', 'Aula 2', 'Se siente aire caliente en lugar de frío.', 4, 19, 2, '2025-05-18 07:16:36', '2025-05-19 01:04:49', '2025-05-19 10:41:35');
INSERT INTO Incidencia (id, titulo, ubicacion, descripcion, reportante_id, tecnico_id, estado_id, fecha_creacion, fechaiea, fecha_modificacion) VALUES (22, 'Cortocircuito', 'Aula 13', 'Los enchufes no funcionan correctamente.', 9, 5, 5, '2025-05-10 21:16:09', '2025-05-12 07:18:01', '2025-05-12 08:07:01');
INSERT INTO Incidencia (id, titulo, ubicacion, descripcion, reportante_id, tecnico_id, estado_id, fecha_creacion, fechaiea, fecha_modificacion) VALUES (23, 'Sonido incontrolable', 'Aula 14', 'Parece que alguien taladra constantemente en el aula.', 10, 5, 5, '2025-05-14 01:28:33', '2025-05-15 12:47:40', '2025-05-16 13:19:34');
INSERT INTO Incidencia (id, titulo, ubicacion, descripcion, reportante_id, tecnico_id, estado_id, fecha_creacion, fechaiea, fecha_modificacion) VALUES (24, 'Tablet bloqueada', 'Aula 2', 'La pantalla de la tablet no responde al tacto.', 2, 15, 2, '2025-05-05 16:42:32', '2025-05-06 04:04:04', '2025-05-06 14:52:12');
INSERT INTO Incidencia (id, titulo, ubicacion, descripcion, reportante_id, tecnico_id, estado_id, fecha_creacion, fechaiea, fecha_modificacion) VALUES (25, 'Tablet no enciende', 'Aula 1', 'No se puede acceder al sistema operativo.', 2, 17, 5, '2025-05-05 00:32:50', '2025-05-06 11:24:24', '2025-05-06 14:56:38');
INSERT INTO Incidencia (id, titulo, ubicacion, descripcion, reportante_id, tecnico_id, estado_id, fecha_creacion, fechaiea, fecha_modificacion) VALUES (26, 'Problemas de red', 'Aula 15', 'El punto de acceso Wi-Fi no aparece disponible.', 8, 24, 3, '2025-05-11 18:21:48', '2025-05-13 02:41:36', '2025-05-13 02:41:36');
INSERT INTO Incidencia (id, titulo, ubicacion, descripcion, reportante_id, tecnico_id, estado_id, fecha_creacion, fechaiea, fecha_modificacion) VALUES (27, 'Fallo de pantalla en tablet', 'Aula 8', 'La pantalla de la tablet no responde al tacto.', 12, 16, 6, '2025-05-02 17:37:03', '2025-05-03 17:20:55', '2025-05-04 02:19:17');
INSERT INTO Incidencia (id, titulo, ubicacion, descripcion, reportante_id, tecnico_id, estado_id, fecha_creacion, fechaiea, fecha_modificacion) VALUES (28, 'Asiento de tortura medieval', 'Aula 15', 'La silla gira sola cuando no debería.', 11, 18, 5, '2025-05-02 03:04:36', '2025-05-03 04:06:28', '2025-05-03 11:04:10');
INSERT INTO Incidencia (id, titulo, ubicacion, descripcion, reportante_id, tecnico_id, estado_id, fecha_creacion, fechaiea, fecha_modificacion) VALUES (29, 'Problemas eléctricos', 'Aula 13', 'La corriente eléctrica se corta intermitentemente.', 3, 19, 3, '2025-05-05 07:35:46', '2025-05-06 23:30:05', '2025-05-06 23:30:05');
INSERT INTO Incidencia (id, titulo, ubicacion, descripcion, reportante_id, tecnico_id, estado_id, fecha_creacion, fechaiea, fecha_modificacion) VALUES (30, 'Conexión Wi-Fi de la Edad de Piedra', 'Aula 19', 'Cargar una web requiere pacto con fuerzas oscuras.', 7, 13, 2, '2025-05-11 01:50:25', '2025-05-11 06:13:57', '2025-05-12 15:42:43');
INSERT INTO Incidencia (id, titulo, ubicacion, descripcion, reportante_id, tecnico_id, estado_id, fecha_creacion, fechaiea, fecha_modificacion) VALUES (31, 'Error de impresión', 'Aula 20', 'No responde al intentar imprimir.', 12, 5, 5, '2025-05-11 13:32:57', '2025-05-12 14:37:21', '2025-05-13 22:44:42');
INSERT INTO Incidencia (id, titulo, ubicacion, descripcion, reportante_id, tecnico_id, estado_id, fecha_creacion, fechaiea, fecha_modificacion) VALUES (32, 'Pantalla congelada desde la Edad Media', 'Aula 3', 'El equipo medita al encenderse y no hace más.', 23, 17, 5, '2025-05-02 16:56:21', '2025-05-03 01:02:37', '2025-05-04 03:40:06');
INSERT INTO Incidencia (id, titulo, ubicacion, descripcion, reportante_id, tecnico_id, estado_id, fecha_creacion, fechaiea, fecha_modificacion) VALUES (33, 'Fallo de audio', 'Aula 9', 'No se detecta ningún dispositivo de audio.', 11, 21, 1, '2025-05-13 06:15:19', '2025-05-13 22:25:31', '2025-05-13 22:25:31');
INSERT INTO Incidencia (id, titulo, ubicacion, descripcion, reportante_id, tecnico_id, estado_id, fecha_creacion, fechaiea, fecha_modificacion) VALUES (34, 'Pantalla poseída', 'Aula 2', 'La imagen está tan torcida que parece arte cubista.', 12, 13, 6, '2025-05-15 18:58:00', '2025-05-17 08:06:34', '2025-05-18 20:09:55');
INSERT INTO Incidencia (id, titulo, ubicacion, descripcion, reportante_id, tecnico_id, estado_id, fecha_creacion, fechaiea, fecha_modificacion) VALUES (35, 'Teclas no funcionan', 'Aula 15', 'El teclado no responde en absoluto.', 8, 19, 5, '2025-05-11 05:44:35', '2025-05-11 09:11:40', '2025-05-12 13:18:05');
INSERT INTO Incidencia (id, titulo, ubicacion, descripcion, reportante_id, tecnico_id, estado_id, fecha_creacion, fechaiea, fecha_modificacion) VALUES (36, 'Fallo de entrada de teclado', 'Aula 8', 'El teclado no responde en absoluto.', 2, 21, 6, '2025-05-11 13:49:54', '2025-05-12 06:26:36', '2025-05-12 15:57:09');
INSERT INTO Incidencia (id, titulo, ubicacion, descripcion, reportante_id, tecnico_id, estado_id, fecha_creacion, fechaiea, fecha_modificacion) VALUES (37, 'PC con espíritu zen (no hace nada)', 'Aula 7', 'El cursor parpadea... pero no ocurre nada más.', 7, 15, 1, '2025-05-04 07:04:53', '2025-05-05 19:51:43', '2025-05-05 19:51:43');
INSERT INTO Incidencia (id, titulo, ubicacion, descripcion, reportante_id, tecnico_id, estado_id, fecha_creacion, fechaiea, fecha_modificacion) VALUES (38, 'Pantalla poseída', 'Aula 1', 'El proyector proyecta el más allá en lugar del escritorio.', 2, 14, 3, '2025-05-11 07:24:02', '2025-05-12 07:40:53', '2025-05-12 07:40:53');
INSERT INTO Incidencia (id, titulo, ubicacion, descripcion, reportante_id, tecnico_id, estado_id, fecha_creacion, fechaiea, fecha_modificacion) VALUES (39, 'Colores estilo Windows 95', 'Aula 14', 'Creo que algun gracioso esta apagando pantallas', 11, 13, 1, '2025-05-04 08:14:10', '2025-05-05 16:53:15', '2025-05-05 16:53:15');
INSERT INTO Incidencia (id, titulo, ubicacion, descripcion, reportante_id, tecnico_id, estado_id, fecha_creacion, fechaiea, fecha_modificacion) VALUES (40, 'Fallo en proyector', 'Aula 8', 'El proyector no responde al encenderlo.', 2, 24, 2, '2025-05-07 19:36:50', '2025-05-07 23:41:06', '2025-05-08 12:53:11');
INSERT INTO Incidencia (id, titulo, ubicacion, descripcion, reportante_id, tecnico_id, estado_id, fecha_creacion, fechaiea, fecha_modificacion) VALUES (41, 'Cámara no detectada', 'Aula 16', 'La cámara aparece desconectada en el sistema.', 3, 17, 2, '2025-05-13 07:51:55', '2025-05-14 15:22:32', '2025-05-16 06:11:23');
INSERT INTO Incidencia (id, titulo, ubicacion, descripcion, reportante_id, tecnico_id, estado_id, fecha_creacion, fechaiea, fecha_modificacion) VALUES (42, 'Error de impresión', 'Aula 6', 'Falta papel en la impresora.', 1, 16, 6, '2025-05-04 09:02:40', '2025-05-05 21:09:27', '2025-05-06 01:03:08');
INSERT INTO Incidencia (id, titulo, ubicacion, descripcion, reportante_id, tecnico_id, estado_id, fecha_creacion, fechaiea, fecha_modificacion) VALUES (43, 'Altavoces sin sonido', 'Aula 18', 'No se detecta ningún dispositivo de audio.', 7, 19, 2, '2025-05-04 11:51:01', '2025-05-06 00:14:14', '2025-05-07 03:24:56');
INSERT INTO Incidencia (id, titulo, ubicacion, descripcion, reportante_id, tecnico_id, estado_id, fecha_creacion, fechaiea, fecha_modificacion) VALUES (44, 'Asiento de tortura medieval', 'Aula 16', 'Más incómoda que banco de parque en agosto.', 11, 15, 4, '2025-05-09 21:47:42', '2025-05-10 13:47:01', '2025-05-10 18:36:13');
INSERT INTO Incidencia (id, titulo, ubicacion, descripcion, reportante_id, tecnico_id, estado_id, fecha_creacion, fechaiea, fecha_modificacion) VALUES (45, 'Proyector fundido', 'Aula 7', 'No detecta ninguna fuente de entrada.', 7, 16, 3, '2025-05-10 01:54:34', '2025-05-10 08:02:10', '2025-05-10 08:02:10');
INSERT INTO Incidencia (id, titulo, ubicacion, descripcion, reportante_id, tecnico_id, estado_id, fecha_creacion, fechaiea, fecha_modificacion) VALUES (46, 'Proyector no responde', 'Aula 13', 'El proyector se apaga solo a los pocos minutos.', 2, 18, 1, '2025-05-07 00:33:19', '2025-05-07 19:34:08', '2025-05-07 19:34:08');
INSERT INTO Incidencia (id, titulo, ubicacion, descripcion, reportante_id, tecnico_id, estado_id, fecha_creacion, fechaiea, fecha_modificacion) VALUES (47, 'Teclado roto', 'Aula 12', 'Teclas pulsadas producen caracteres incorrectos.', 7, 16, 5, '2025-05-13 01:28:09', '2025-05-13 23:59:09', '2025-05-14 07:19:59');
INSERT INTO Incidencia (id, titulo, ubicacion, descripcion, reportante_id, tecnico_id, estado_id, fecha_creacion, fechaiea, fecha_modificacion) VALUES (48, 'Fallo en proyector', 'Aula 8', 'La imagen proyectada está distorsionada o borrosa.', 3, 16, 2, '2025-05-13 07:18:39', '2025-05-13 08:34:17', '2025-05-14 21:40:59');
INSERT INTO Incidencia (id, titulo, ubicacion, descripcion, reportante_id, tecnico_id, estado_id, fecha_creacion, fechaiea, fecha_modificacion) VALUES (49, 'Internet con pedal', 'Aula 20', 'El icono de carga se ha convertido en decoración permanente.', 2, 15, 4, '2025-05-02 02:59:40', '2025-05-03 16:53:26', '2025-05-05 04:31:18');
INSERT INTO Incidencia (id, titulo, ubicacion, descripcion, reportante_id, tecnico_id, estado_id, fecha_creacion, fechaiea, fecha_modificacion) VALUES (50, 'Altavoces sin sonido', 'Aula 13', 'El volumen es extremadamente bajo incluso al máximo.', 12, 5, 5, '2025-05-03 04:06:59', '2025-05-03 06:28:57', '2025-05-04 19:29:49');
INSERT INTO Incidencia (id, titulo, ubicacion, descripcion, reportante_id, tecnico_id, estado_id, fecha_creacion, fechaiea, fecha_modificacion) VALUES (51, 'Cortocircuito', 'Aula 1', 'Se huele a quemado cerca de los enchufes.Javi ha tumbado la red electrica nacional.', 12, 20, 6, '2025-05-15 06:39:16', '2025-05-16 04:28:11', '2025-05-16 18:19:31');
INSERT INTO Incidencia (id, titulo, ubicacion, descripcion, reportante_id, tecnico_id, estado_id, fecha_creacion, fechaiea, fecha_modificacion) VALUES (52, 'Fallo en ventilación', 'Aula 1', 'El aire acondicionado no enfría adecuadamente.', 9, 18, 5, '2025-05-13 14:51:30', '2025-05-14 17:33:39', '2025-05-16 05:37:00');
INSERT INTO Incidencia (id, titulo, ubicacion, descripcion, reportante_id, tecnico_id, estado_id, fecha_creacion, fechaiea, fecha_modificacion) VALUES (53, 'Impresora desconectada', 'Aula 6', 'El controlador de la impresora no está instalado correctamente.', 10, 15, 3, '2025-05-09 23:06:00', '2025-05-10 15:51:01', '2025-05-10 15:51:01');
INSERT INTO Incidencia (id, titulo, ubicacion, descripcion, reportante_id, tecnico_id, estado_id, fecha_creacion, fechaiea, fecha_modificacion) VALUES (54, 'Error al ejecutar programa', 'Aula 14', 'Se genera un error al iniciar el programa.', 11, 21, 1, '2025-05-17 03:34:45', '2025-05-17 13:37:36', '2025-05-17 13:37:36');
INSERT INTO Incidencia (id, titulo, ubicacion, descripcion, reportante_id, tecnico_id, estado_id, fecha_creacion, fechaiea, fecha_modificacion) VALUES (55, 'Trono de la incomodidad', 'Aula 2', 'Más incómoda que banco de parque en agosto.', 12, 14, 1, '2025-05-08 09:16:20', '2025-05-09 08:53:51', '2025-05-09 08:53:51');
INSERT INTO Incidencia (id, titulo, ubicacion, descripcion, reportante_id, tecnico_id, estado_id, fecha_creacion, fechaiea, fecha_modificacion) VALUES (56, 'Impresora desconectada', 'Aula 4', 'El controlador de la impresora no está instalado correctamente.', 1, 14, 4, '2025-05-06 06:14:20', '2025-05-06 10:50:53', '2025-05-07 09:21:03');
INSERT INTO Incidencia (id, titulo, ubicacion, descripcion, reportante_id, tecnico_id, estado_id, fecha_creacion, fechaiea, fecha_modificacion) VALUES (57, 'Ruido infernal', 'Aula 7', 'Llevamos 3 horas en clase con luismi, no hay mas que decir.', 9, 24, 6, '2025-05-08 14:29:45', '2025-05-08 23:33:35', '2025-05-09 15:41:22');
INSERT INTO Incidencia (id, titulo, ubicacion, descripcion, reportante_id, tecnico_id, estado_id, fecha_creacion, fechaiea, fecha_modificacion) VALUES (58, 'Colores estilo Windows 95', 'Aula 17', 'La pantalla cambia de color como una discoteca.', 1, 19, 3, '2025-05-11 20:01:04', '2025-05-13 08:51:44', '2025-05-13 08:51:44');
INSERT INTO Incidencia (id, titulo, ubicacion, descripcion, reportante_id, tecnico_id, estado_id, fecha_creacion, fechaiea, fecha_modificacion) VALUES (59, 'Error de impresión', 'Aula 9', 'No responde al intentar imprimir.', 11, 15, 4, '2025-05-12 03:41:53', '2025-05-12 10:34:23', '2025-05-13 19:33:00');
INSERT INTO Incidencia (id, titulo, ubicacion, descripcion, reportante_id, tecnico_id, estado_id, fecha_creacion, fechaiea, fecha_modificacion) VALUES (60, 'Error de impresión', 'Aula 14', 'El controlador de la impresora no está instalado correctamente.', 10, 5, 5, '2025-05-03 18:03:22', '2025-05-05 09:51:24', '2025-05-06 01:28:07');
INSERT INTO Incidencia (id, titulo, ubicacion, descripcion, reportante_id, tecnico_id, estado_id, fecha_creacion, fechaiea, fecha_modificacion) VALUES (61, 'Pantalla poseída', 'Aula 2', 'El proyector proyecta el más allá en lugar del escritorio.', 11, 21, 2, '2025-05-11 02:03:18', '2025-05-12 15:12:52', '2025-05-13 17:26:31');
INSERT INTO Incidencia (id, titulo, ubicacion, descripcion, reportante_id, tecnico_id, estado_id, fecha_creacion, fechaiea, fecha_modificacion) VALUES (62, 'Problemas de red', 'Aula 19', 'Interrupciones constantes en la red.', 23, 24, 5, '2025-05-09 20:37:33', '2025-05-10 18:25:25', '2025-05-11 23:50:16');
INSERT INTO Incidencia (id, titulo, ubicacion, descripcion, reportante_id, tecnico_id, estado_id, fecha_creacion, fechaiea, fecha_modificacion) VALUES (63, 'Pantalla poseída', 'Aula 7', 'Se ve como si Gollum hubiese ajustado el brillo y contraste.', 1, 15, 5, '2025-05-12 11:52:20', '2025-05-13 03:45:18', '2025-05-14 08:38:24');
INSERT INTO Incidencia (id, titulo, ubicacion, descripcion, reportante_id, tecnico_id, estado_id, fecha_creacion, fechaiea, fecha_modificacion) VALUES (64, 'PC con espíritu zen (no hace nada)', 'Aula 19', 'Se reinicia más que mi motivación los lunes.', 7, 16, 4, '2025-05-10 22:15:35', '2025-05-12 01:22:20', '2025-05-12 17:16:45');
INSERT INTO Incidencia (id, titulo, ubicacion, descripcion, reportante_id, tecnico_id, estado_id, fecha_creacion, fechaiea, fecha_modificacion) VALUES (65, 'Ruido infernal', 'Aula 10', 'Parece que alguien taladra constantemente en el aula.', 10, 18, 3, '2025-05-09 12:14:33', '2025-05-10 23:39:48', '2025-05-10 23:39:48');
INSERT INTO Incidencia (id, titulo, ubicacion, descripcion, reportante_id, tecnico_id, estado_id, fecha_creacion, fechaiea, fecha_modificacion) VALUES (66, 'Error de impresión', 'Aula 6', 'La impresora no se encuentra disponible en red ni por cable.', 7, 13, 4, '2025-05-09 05:48:18', '2025-05-10 08:13:07', '2025-05-10 23:59:18');
INSERT INTO Incidencia (id, titulo, ubicacion, descripcion, reportante_id, tecnico_id, estado_id, fecha_creacion, fechaiea, fecha_modificacion) VALUES (67, 'Frío excesivo', 'Aula 6', 'Se siente aire frío en lugar de caliente.', 10, 16, 1, '2025-05-01 23:05:03', '2025-05-02 18:53:19', '2025-05-02 18:53:19');
INSERT INTO Incidencia (id, titulo, ubicacion, descripcion, reportante_id, tecnico_id, estado_id, fecha_creacion, fechaiea, fecha_modificacion) VALUES (68, 'Más ruido que en un concierto de motoras', 'Aula 3', 'German lleva desde las ocho de la mañana sin callarse.', 7, 13, 3, '2025-05-06 17:04:06', '2025-05-08 08:31:36', '2025-05-08 08:31:36');
INSERT INTO Incidencia (id, titulo, ubicacion, descripcion, reportante_id, tecnico_id, estado_id, fecha_creacion, fechaiea, fecha_modificacion) VALUES (69, 'Problemas de red', 'Aula 14', 'Los dispositivos no logran conectarse a la red Wi-Fi.', 12, 18, 6, '2025-05-03 08:49:48', '2025-05-03 21:55:27', '2025-05-05 01:00:56');
INSERT INTO Incidencia (id, titulo, ubicacion, descripcion, reportante_id, tecnico_id, estado_id, fecha_creacion, fechaiea, fecha_modificacion) VALUES (70, 'Sistema operativo corrupto', 'Aula 11', 'Se reinicia continuamente sin cargar Windows.', 2, 17, 5, '2025-05-12 14:36:02', '2025-05-13 10:30:11', '2025-05-15 00:51:08');
INSERT INTO Incidencia (id, titulo, ubicacion, descripcion, reportante_id, tecnico_id, estado_id, fecha_creacion, fechaiea, fecha_modificacion) VALUES (71, 'Frío excesivo', 'Aula 12', 'Se siente aire frío en lugar de caliente.', 2, 19, 3, '2025-05-03 12:36:35', '2025-05-04 18:40:50', '2025-05-04 18:40:50');
INSERT INTO Incidencia (id, titulo, ubicacion, descripcion, reportante_id, tecnico_id, estado_id, fecha_creacion, fechaiea, fecha_modificacion) VALUES (72, 'Error de impresión', 'Aula 14', 'Es mas antigua que el puente del sillo', 1, 17, 4, '2025-05-18 03:42:55', '2025-05-18 18:06:14', '2025-05-20 02:25:31');
INSERT INTO Incidencia (id, titulo, ubicacion, descripcion, reportante_id, tecnico_id, estado_id, fecha_creacion, fechaiea, fecha_modificacion) VALUES (73, 'Proyector no responde', 'Aula 10', 'El proyector se apaga solo a los pocos minutos.', 9, 21, 2, '2025-05-12 12:50:33', '2025-05-13 15:06:47', '2025-05-13 20:52:28');
INSERT INTO Incidencia (id, titulo, ubicacion, descripcion, reportante_id, tecnico_id, estado_id, fecha_creacion, fechaiea, fecha_modificacion) VALUES (74, 'Fallo en proyector', 'Aula 8', 'No se proyecta imagen, la lámpara está posiblemente fundida.', 8, 18, 6, '2025-05-13 18:23:28', '2025-05-15 07:35:59', '2025-05-16 18:17:01');
INSERT INTO Incidencia (id, titulo, ubicacion, descripcion, reportante_id, tecnico_id, estado_id, fecha_creacion, fechaiea, fecha_modificacion) VALUES (75, 'Frío excesivo', 'Aula 9', 'La calefacción no calienta adecuadamente.', 11, 13, 2, '2025-05-09 02:58:07', '2025-05-09 11:22:17', '2025-05-09 23:51:57');
INSERT INTO Incidencia (id, titulo, ubicacion, descripcion, reportante_id, tecnico_id, estado_id, fecha_creacion, fechaiea, fecha_modificacion) VALUES (76, 'Cámara sin imagen', 'Aula 12', 'La imagen de la cámara se ve borrosa o congelada.', 10, 19, 1, '2025-05-05 01:49:56', '2025-05-06 16:18:13', '2025-05-06 16:18:13');
INSERT INTO Incidencia (id, titulo, ubicacion, descripcion, reportante_id, tecnico_id, estado_id, fecha_creacion, fechaiea, fecha_modificacion) VALUES (77, 'Cámara no detectada', 'Aula 18', 'La imagen de la cámara se ve borrosa o congelada.', 1, 21, 3, '2025-05-04 06:57:50', '2025-05-04 07:19:07', '2025-05-04 07:19:07');
INSERT INTO Incidencia (id, titulo, ubicacion, descripcion, reportante_id, tecnico_id, estado_id, fecha_creacion, fechaiea, fecha_modificacion) VALUES (78, 'Trono de la incomodidad', 'Aula 11', 'Crúje más que mis rodillas al levantarme.', 8, 21, 6, '2025-05-04 08:58:22', '2025-05-05 03:10:26', '2025-05-05 05:07:56');
INSERT INTO Incidencia (id, titulo, ubicacion, descripcion, reportante_id, tecnico_id, estado_id, fecha_creacion, fechaiea, fecha_modificacion) VALUES (79, 'Trono de la incomodidad', 'Aula 19', 'Se inclina como si quisiera invocar algo.', 9, 21, 4, '2025-05-07 02:48:08', '2025-05-07 15:43:49', '2025-05-08 17:52:33');
INSERT INTO Incidencia (id, titulo, ubicacion, descripcion, reportante_id, tecnico_id, estado_id, fecha_creacion, fechaiea, fecha_modificacion) VALUES (80, 'Altavoces sin sonido', 'Aula 13', 'El volumen es extremadamente bajo incluso al máximo.', 7, 20, 5, '2025-05-08 11:11:34', '2025-05-09 20:40:19', '2025-05-10 00:16:37');
INSERT INTO Incidencia (id, titulo, ubicacion, descripcion, reportante_id, tecnico_id, estado_id, fecha_creacion, fechaiea, fecha_modificacion) VALUES (81, 'Proyector fundido', 'Aula 10', 'El proyector se apaga solo a los pocos minutos.', 23, 24, 4, '2025-05-08 21:55:41', '2025-05-10 07:18:42', '2025-05-10 11:26:17');
INSERT INTO Incidencia (id, titulo, ubicacion, descripcion, reportante_id, tecnico_id, estado_id, fecha_creacion, fechaiea, fecha_modificacion) VALUES (82, 'Wi-Fi desconectado', 'Aula 20', 'El punto de acceso Wi-Fi no aparece disponible.', 2, 13, 3, '2025-05-17 07:47:24', '2025-05-18 13:34:32', '2025-05-18 13:34:32');
INSERT INTO Incidencia (id, titulo, ubicacion, descripcion, reportante_id, tecnico_id, estado_id, fecha_creacion, fechaiea, fecha_modificacion) VALUES (83, 'Calor excesivo', 'Aula 4', 'El aire acondicionado no enfría adecuadamente.', 10, 20, 3, '2025-05-03 04:29:27', '2025-05-04 08:41:35', '2025-05-04 08:41:35');
INSERT INTO Incidencia (id, titulo, ubicacion, descripcion, reportante_id, tecnico_id, estado_id, fecha_creacion, fechaiea, fecha_modificacion) VALUES (84, 'Pantalla poseída', 'Aula 1', 'El proyector proyecta el más allá en lugar del escritorio.', 9, 19, 6, '2025-05-18 23:06:12', '2025-05-19 02:47:59', '2025-05-19 04:47:13');
INSERT INTO Incidencia (id, titulo, ubicacion, descripcion, reportante_id, tecnico_id, estado_id, fecha_creacion, fechaiea, fecha_modificacion) VALUES (85, 'Tablet bloqueada', 'Aula 4', 'No se puede acceder al sistema operativo.', 7, 16, 2, '2025-05-14 04:50:01', '2025-05-15 19:37:32', '2025-05-17 03:08:58');
INSERT INTO Incidencia (id, titulo, ubicacion, descripcion, reportante_id, tecnico_id, estado_id, fecha_creacion, fechaiea, fecha_modificacion) VALUES (86, 'Fallo en impresora', 'Aula 13', 'El controlador de la impresora no está instalado correctamente.', 12, 16, 3, '2025-05-15 09:41:23', '2025-05-15 23:09:48', '2025-05-15 23:09:48');
INSERT INTO Incidencia (id, titulo, ubicacion, descripcion, reportante_id, tecnico_id, estado_id, fecha_creacion, fechaiea, fecha_modificacion) VALUES (87, 'Asiento de tortura medieval', 'Aula 17', 'Parece una prueba de resistencia psicológica más que un asiento.', 9, 19, 3, '2025-05-17 08:12:16', '2025-05-18 13:31:32', '2025-05-18 13:31:32');
INSERT INTO Incidencia (id, titulo, ubicacion, descripcion, reportante_id, tecnico_id, estado_id, fecha_creacion, fechaiea, fecha_modificacion) VALUES (88, 'Calor excesivo', 'Aula 9', 'El aula está demasiado caliente.', 11, 18, 5, '2025-05-08 03:27:33', '2025-05-08 18:59:57', '2025-05-08 23:43:43');
INSERT INTO Incidencia (id, titulo, ubicacion, descripcion, reportante_id, tecnico_id, estado_id, fecha_creacion, fechaiea, fecha_modificacion) VALUES (89, 'Sistema operativo corrupto', 'Aula 5', 'El sistema operativo no puede completar el arranque.', 10, 20, 1, '2025-05-05 18:55:56', '2025-05-07 09:28:58', '2025-05-07 09:28:58');
INSERT INTO Incidencia (id, titulo, ubicacion, descripcion, reportante_id, tecnico_id, estado_id, fecha_creacion, fechaiea, fecha_modificacion) VALUES (90, 'Fallo de entrada de teclado', 'Aula 19', 'El teclado se desconecta de forma intermitente.', 7, 19, 2, '2025-05-17 03:43:09', '2025-05-18 06:16:54', '2025-05-18 11:54:32');
INSERT INTO Incidencia (id, titulo, ubicacion, descripcion, reportante_id, tecnico_id, estado_id, fecha_creacion, fechaiea, fecha_modificacion) VALUES (91, 'Frío excesivo', 'Aula 7', 'El aula está demasiado fría.', 9, 19, 3, '2025-05-09 09:57:39', '2025-05-09 21:35:44', '2025-05-09 21:35:44');
INSERT INTO Incidencia (id, titulo, ubicacion, descripcion, reportante_id, tecnico_id, estado_id, fecha_creacion, fechaiea, fecha_modificacion) VALUES (92, 'Conexión Wi-Fi de la Edad de Piedra', 'Aula 20', 'El icono de carga se ha convertido en decoración permanente.', 4, 20, 1, '2025-05-12 16:44:51', '2025-05-13 03:25:39', '2025-05-13 03:25:39');
INSERT INTO Incidencia (id, titulo, ubicacion, descripcion, reportante_id, tecnico_id, estado_id, fecha_creacion, fechaiea, fecha_modificacion) VALUES (93, 'Software desactualizado', 'Aula 20', 'Se genera un error al iniciar el programa.', 1, 5, 5, '2025-05-09 08:08:04', '2025-05-10 20:31:01', '2025-05-11 04:54:42');
INSERT INTO Incidencia (id, titulo, ubicacion, descripcion, reportante_id, tecnico_id, estado_id, fecha_creacion, fechaiea, fecha_modificacion) VALUES (94, 'Calor excesivo', 'Aula 19', 'El aula está demasiado caliente.', 10, 15, 3, '2025-05-08 11:21:55', '2025-05-08 15:04:29', '2025-05-08 15:04:29');
INSERT INTO Incidencia (id, titulo, ubicacion, descripcion, reportante_id, tecnico_id, estado_id, fecha_creacion, fechaiea, fecha_modificacion) VALUES (95, 'Pantalla congelada desde la Edad Media', 'Aula 20', 'El cursor parpadea... pero no ocurre nada más.', 11, 20, 4, '2025-05-07 22:53:08', '2025-05-08 17:56:18', '2025-05-09 11:25:03');
INSERT INTO Incidencia (id, titulo, ubicacion, descripcion, reportante_id, tecnico_id, estado_id, fecha_creacion, fechaiea, fecha_modificacion) VALUES (96, 'Fallo en calefacción', 'Aula 16', 'Lleva todo el dia el aire puesto, me estoy muriendo', 3, 18, 1, '2025-05-02 06:50:30', '2025-05-02 14:05:33', '2025-05-02 14:05:33');
INSERT INTO Incidencia (id, titulo, ubicacion, descripcion, reportante_id, tecnico_id, estado_id, fecha_creacion, fechaiea, fecha_modificacion) VALUES (97, 'Red más lenta que un caracol cojo', 'Aula 6', 'Con esta velocidad, enviar un correo es una aventura épica.', 11, 14, 5, '2025-05-12 05:27:17', '2025-05-13 00:22:19', '2025-05-14 05:12:47');
INSERT INTO Incidencia (id, titulo, ubicacion, descripcion, reportante_id, tecnico_id, estado_id, fecha_creacion, fechaiea, fecha_modificacion) VALUES (98, 'Aplicación no se inicia', 'Aula 16', 'Se requiere actualizar el software instalado.', 9, 24, 2, '2025-05-02 09:45:11', '2025-05-03 00:32:03', '2025-05-03 01:37:22');
INSERT INTO Incidencia (id, titulo, ubicacion, descripcion, reportante_id, tecnico_id, estado_id, fecha_creacion, fechaiea, fecha_modificacion) VALUES (99, 'Silla con vida propia', 'Aula 15', 'Parece una prueba de resistencia psicológica más que un asiento.', 4, 14, 2, '2025-05-18 06:57:32', '2025-05-18 22:15:13', '2025-05-20 11:47:56');
INSERT INTO Incidencia (id, titulo, ubicacion, descripcion, reportante_id, tecnico_id, estado_id, fecha_creacion, fechaiea, fecha_modificacion) VALUES (100, 'Cortocircuito', 'Aula 14', 'Los enchufes no funcionan correctamente.', 10, 20, 3, '2025-05-06 10:25:29', '2025-05-07 16:18:16', '2025-05-07 16:18:16');
INSERT INTO Incidencia (id, titulo, ubicacion, descripcion, reportante_id, tecnico_id, estado_id, fecha_creacion, fechaiea, fecha_modificacion) VALUES (101, 'Fallo en cámara de seguridad', 'Aula 1', 'La cámara no transmite video en directo.', 9, 13, 6, '2025-05-02 06:48:27', '2025-05-03 21:26:12', '2025-05-04 15:41:24');
INSERT INTO Incidencia (id, titulo, ubicacion, descripcion, reportante_id, tecnico_id, estado_id, fecha_creacion, fechaiea, fecha_modificacion) VALUES (102, 'Error de impresión', 'Aula 10', 'No responde al intentar imprimir.', 3, 14, 2, '2025-05-09 09:26:13', '2025-05-09 11:54:08', '2025-05-11 03:08:41');
INSERT INTO Incidencia (id, titulo, ubicacion, descripcion, reportante_id, tecnico_id, estado_id, fecha_creacion, fechaiea, fecha_modificacion) VALUES (103, 'Fallo en calefacción', 'Aula 8', 'El sistema de calefacción hace ruidos extraños.', 12, 16, 1, '2025-05-07 23:30:15', '2025-05-09 14:04:48', '2025-05-09 14:04:48');
INSERT INTO Incidencia (id, titulo, ubicacion, descripcion, reportante_id, tecnico_id, estado_id, fecha_creacion, fechaiea, fecha_modificacion) VALUES (104, 'Pantalla congelada desde la Edad Media', 'Aula 11', 'El equipo medita al encenderse y no hace más.', 12, 5, 5, '2025-05-06 06:06:27', '2025-05-07 11:11:24', '2025-05-08 18:22:17');
INSERT INTO Incidencia (id, titulo, ubicacion, descripcion, reportante_id, tecnico_id, estado_id, fecha_creacion, fechaiea, fecha_modificacion) VALUES (105, 'Software desactualizado', 'Aula 16', 'El software instalado no es compatible con el sistema.', 9, 19, 6, '2025-05-01 17:58:07', '2025-05-02 23:21:21', '2025-05-03 21:08:48');
INSERT INTO Incidencia (id, titulo, ubicacion, descripcion, reportante_id, tecnico_id, estado_id, fecha_creacion, fechaiea, fecha_modificacion) VALUES (106, 'Asiento de tortura medieval', 'Aula 19', 'Crúje más que mis rodillas al levantarme.', 9, 5, 5, '2025-05-10 00:36:32', '2025-05-11 05:39:43', '2025-05-11 15:15:23');
INSERT INTO Incidencia (id, titulo, ubicacion, descripcion, reportante_id, tecnico_id, estado_id, fecha_creacion, fechaiea, fecha_modificacion) VALUES (107, 'Ordenador en huelga', 'Aula 10', 'El cursor parpadea... pero no ocurre nada más.', 10, 21, 2, '2025-05-05 02:50:56', '2025-05-05 22:34:24', '2025-05-06 15:02:24');
INSERT INTO Incidencia (id, titulo, ubicacion, descripcion, reportante_id, tecnico_id, estado_id, fecha_creacion, fechaiea, fecha_modificacion) VALUES (108, 'Ordenador no enciende', 'Aula 14', 'Se reinicia continuamente sin cargar Windows.', 3, 24, 2, '2025-05-15 19:39:52', '2025-05-17 05:43:30', '2025-05-18 19:19:07');
INSERT INTO Incidencia (id, titulo, ubicacion, descripcion, reportante_id, tecnico_id, estado_id, fecha_creacion, fechaiea, fecha_modificacion) VALUES (109, 'Teclas no funcionan', 'Aula 12', 'El teclado no responde en absoluto.', 7, 5, 5, '2025-05-09 06:23:07', '2025-05-10 19:40:21', '2025-05-11 00:32:25');
ALTER TABLE Incidencia ALTER COLUMN id RESTART WITH 110;
INSERT INTO historial_estados (incidencia_id, estado_inicial_id, estado_actual_id, fecha_comienzo, fecha_final) VALUES (1, 5, 1, '2025-05-17 13:25:05', '2025-05-18 00:59:13');
INSERT INTO historial_estados (incidencia_id, estado_inicial_id, estado_actual_id, fecha_comienzo, fecha_final) VALUES (2, 5, 2, '2025-05-10 18:50:48', '2025-05-12 05:04:59');
INSERT INTO historial_estados (incidencia_id, estado_inicial_id, estado_actual_id, fecha_comienzo, fecha_final) VALUES (NULL, 5, 3, '2025-05-03 17:03:16', '2025-05-04 13:55:16');
INSERT INTO historial_estados (incidencia_id, estado_inicial_id, estado_actual_id, fecha_comienzo, fecha_final) VALUES (NULL, 3, 1, '2025-05-04 13:55:16', '2025-05-05 07:57:16');
INSERT INTO historial_estados (incidencia_id, estado_inicial_id, estado_actual_id, fecha_comienzo, fecha_final) VALUES (5, 1, 5, '2025-05-05 07:57:16', '2025-05-05 08:21:44');
INSERT INTO historial_estados (incidencia_id, estado_inicial_id, estado_actual_id, fecha_comienzo, fecha_final) VALUES (6, 5, 5, '2025-05-07 08:09:40', '2025-05-09 09:09:22');
INSERT INTO historial_estados (incidencia_id, estado_inicial_id, estado_actual_id, fecha_comienzo, fecha_final) VALUES (NULL, 5, 4, '2025-05-01 10:12:21', '2025-05-02 05:30:21');
INSERT INTO historial_estados (incidencia_id, estado_inicial_id, estado_actual_id, fecha_comienzo, fecha_final) VALUES (7, 4, 4, '2025-05-02 05:30:21', '2025-05-02 06:06:36');
INSERT INTO historial_estados (incidencia_id, estado_inicial_id, estado_actual_id, fecha_comienzo, fecha_final) VALUES (8, 5, 1, '2025-05-04 08:42:57', '2025-05-04 18:34:32');
INSERT INTO historial_estados (incidencia_id, estado_inicial_id, estado_actual_id, fecha_comienzo, fecha_final) VALUES (NULL, 5, 3, '2025-05-02 01:18:51', '2025-05-02 11:59:51');
INSERT INTO historial_estados (incidencia_id, estado_inicial_id, estado_actual_id, fecha_comienzo, fecha_final) VALUES (NULL, 3, 1, '2025-05-02 11:59:51', '2025-05-02 17:12:51');
INSERT INTO historial_estados (incidencia_id, estado_inicial_id, estado_actual_id, fecha_comienzo, fecha_final) VALUES (9, 1, 6, '2025-05-02 17:12:51', '2025-05-03 08:15:06');
INSERT INTO historial_estados (incidencia_id, estado_inicial_id, estado_actual_id, fecha_comienzo, fecha_final) VALUES (NULL, 5, 6, '2025-05-04 01:31:36', '2025-05-04 04:37:36');
INSERT INTO historial_estados (incidencia_id, estado_inicial_id, estado_actual_id, fecha_comienzo, fecha_final) VALUES (10, 6, 5, '2025-05-04 04:37:36', '2025-05-05 06:31:13');
INSERT INTO historial_estados (incidencia_id, estado_inicial_id, estado_actual_id, fecha_comienzo, fecha_final) VALUES (11, 5, 1, '2025-05-16 16:36:11', '2025-05-17 16:00:50');
INSERT INTO historial_estados (incidencia_id, estado_inicial_id, estado_actual_id, fecha_comienzo, fecha_final) VALUES (NULL, 5, 6, '2025-05-18 19:19:00', '2025-05-19 02:37:00');
INSERT INTO historial_estados (incidencia_id, estado_inicial_id, estado_actual_id, fecha_comienzo, fecha_final) VALUES (NULL, 6, 4, '2025-05-19 02:37:00', '2025-05-19 07:29:00');
INSERT INTO historial_estados (incidencia_id, estado_inicial_id, estado_actual_id, fecha_comienzo, fecha_final) VALUES (12, 4, 4, '2025-05-19 07:29:00', '2025-05-19 15:40:48');
INSERT INTO historial_estados (incidencia_id, estado_inicial_id, estado_actual_id, fecha_comienzo, fecha_final) VALUES (NULL, 5, 1, '2025-05-11 23:28:22', '2025-05-12 04:00:22');
INSERT INTO historial_estados (incidencia_id, estado_inicial_id, estado_actual_id, fecha_comienzo, fecha_final) VALUES (13, 1, 2, '2025-05-12 04:00:22', '2025-05-14 05:37:59');
INSERT INTO historial_estados (incidencia_id, estado_inicial_id, estado_actual_id, fecha_comienzo, fecha_final) VALUES (NULL, 5, 4, '2025-05-10 05:05:48', '2025-05-10 22:47:48');
INSERT INTO historial_estados (incidencia_id, estado_inicial_id, estado_actual_id, fecha_comienzo, fecha_final) VALUES (NULL, 4, 3, '2025-05-10 22:47:48', '2025-05-11 01:52:48');
INSERT INTO historial_estados (incidencia_id, estado_inicial_id, estado_actual_id, fecha_comienzo, fecha_final) VALUES (14, 3, 5, '2025-05-11 01:52:48', '2025-05-11 04:37:36');
INSERT INTO historial_estados (incidencia_id, estado_inicial_id, estado_actual_id, fecha_comienzo, fecha_final) VALUES (NULL, 5, 4, '2025-05-09 14:41:34', '2025-05-10 10:52:34');
INSERT INTO historial_estados (incidencia_id, estado_inicial_id, estado_actual_id, fecha_comienzo, fecha_final) VALUES (15, 4, 4, '2025-05-10 10:52:34', '2025-05-10 22:44:24');
INSERT INTO historial_estados (incidencia_id, estado_inicial_id, estado_actual_id, fecha_comienzo, fecha_final) VALUES (NULL, 5, 3, '2025-05-11 17:48:59', '2025-05-11 20:25:59');
INSERT INTO historial_estados (incidencia_id, estado_inicial_id, estado_actual_id, fecha_comienzo, fecha_final) VALUES (NULL, 3, 5, '2025-05-11 20:25:59', '2025-05-12 07:49:59');
INSERT INTO historial_estados (incidencia_id, estado_inicial_id, estado_actual_id, fecha_comienzo, fecha_final) VALUES (16, 5, 1, '2025-05-12 07:49:59', '2025-05-12 15:55:07');
INSERT INTO historial_estados (incidencia_id, estado_inicial_id, estado_actual_id, fecha_comienzo, fecha_final) VALUES (NULL, 5, 6, '2025-05-08 05:15:00', '2025-05-08 15:04:00');
INSERT INTO historial_estados (incidencia_id, estado_inicial_id, estado_actual_id, fecha_comienzo, fecha_final) VALUES (17, 6, 3, '2025-05-08 15:04:00', '2025-05-08 22:31:12');
INSERT INTO historial_estados (incidencia_id, estado_inicial_id, estado_actual_id, fecha_comienzo, fecha_final) VALUES (19, 5, 6, '2025-05-06 08:42:32', '2025-05-08 01:07:26');
INSERT INTO historial_estados (incidencia_id, estado_inicial_id, estado_actual_id, fecha_comienzo, fecha_final) VALUES (NULL, 5, 6, '2025-05-05 16:42:32', '2025-05-06 06:41:32');
INSERT INTO historial_estados (incidencia_id, estado_inicial_id, estado_actual_id, fecha_comienzo, fecha_final) VALUES (24, 6, 2, '2025-05-06 06:41:32', '2025-05-06 14:52:12');
INSERT INTO historial_estados (incidencia_id, estado_inicial_id, estado_actual_id, fecha_comienzo, fecha_final) VALUES (26, 5, 3, '2025-05-11 18:21:48', '2025-05-13 02:41:36');
INSERT INTO historial_estados (incidencia_id, estado_inicial_id, estado_actual_id, fecha_comienzo, fecha_final) VALUES (27, 5, 6, '2025-05-02 17:37:03', '2025-05-04 02:19:17');
INSERT INTO historial_estados (incidencia_id, estado_inicial_id, estado_actual_id, fecha_comienzo, fecha_final) VALUES (NULL, 5, 6, '2025-05-02 03:04:36', '2025-05-02 11:17:36');
INSERT INTO historial_estados (incidencia_id, estado_inicial_id, estado_actual_id, fecha_comienzo, fecha_final) VALUES (NULL, 6, 1, '2025-05-02 11:17:36', '2025-05-02 19:37:36');
INSERT INTO historial_estados (incidencia_id, estado_inicial_id, estado_actual_id, fecha_comienzo, fecha_final) VALUES (28, 1, 5, '2025-05-02 19:37:36', '2025-05-03 11:04:10');
INSERT INTO historial_estados (incidencia_id, estado_inicial_id, estado_actual_id, fecha_comienzo, fecha_final) VALUES (NULL, 5, 1, '2025-05-05 07:35:46', '2025-05-05 15:11:46');
INSERT INTO historial_estados (incidencia_id, estado_inicial_id, estado_actual_id, fecha_comienzo, fecha_final) VALUES (NULL, 1, 6, '2025-05-05 15:11:46', '2025-05-05 16:33:46');
INSERT INTO historial_estados (incidencia_id, estado_inicial_id, estado_actual_id, fecha_comienzo, fecha_final) VALUES (29, 6, 3, '2025-05-05 16:33:46', '2025-05-06 23:30:05');
INSERT INTO historial_estados (incidencia_id, estado_inicial_id, estado_actual_id, fecha_comienzo, fecha_final) VALUES (31, 5, 5, '2025-05-11 13:32:57', '2025-05-13 22:44:42');
INSERT INTO historial_estados (incidencia_id, estado_inicial_id, estado_actual_id, fecha_comienzo, fecha_final) VALUES (NULL, 5, 2, '2025-05-02 16:56:21', '2025-05-03 00:48:21');
INSERT INTO historial_estados (incidencia_id, estado_inicial_id, estado_actual_id, fecha_comienzo, fecha_final) VALUES (32, 2, 5, '2025-05-03 00:48:21', '2025-05-04 03:40:06');
INSERT INTO historial_estados (incidencia_id, estado_inicial_id, estado_actual_id, fecha_comienzo, fecha_final) VALUES (33, 5, 1, '2025-05-13 06:15:19', '2025-05-13 22:25:31');
INSERT INTO historial_estados (incidencia_id, estado_inicial_id, estado_actual_id, fecha_comienzo, fecha_final) VALUES (NULL, 5, 1, '2025-05-15 18:58:00', '2025-05-16 14:56:00');
INSERT INTO historial_estados (incidencia_id, estado_inicial_id, estado_actual_id, fecha_comienzo, fecha_final) VALUES (34, 1, 6, '2025-05-16 14:56:00', '2025-05-18 20:09:55');
INSERT INTO historial_estados (incidencia_id, estado_inicial_id, estado_actual_id, fecha_comienzo, fecha_final) VALUES (35, 5, 5, '2025-05-11 05:44:35', '2025-05-12 13:18:05');
INSERT INTO historial_estados (incidencia_id, estado_inicial_id, estado_actual_id, fecha_comienzo, fecha_final) VALUES (NULL, 5, 3, '2025-05-11 07:24:02', '2025-05-12 06:27:02');
INSERT INTO historial_estados (incidencia_id, estado_inicial_id, estado_actual_id, fecha_comienzo, fecha_final) VALUES (NULL, 3, 1, '2025-05-12 06:27:02', '2025-05-12 07:37:02');
INSERT INTO historial_estados (incidencia_id, estado_inicial_id, estado_actual_id, fecha_comienzo, fecha_final) VALUES (38, 1, 3, '2025-05-12 07:37:02', '2025-05-12 07:40:53');
INSERT INTO historial_estados (incidencia_id, estado_inicial_id, estado_actual_id, fecha_comienzo, fecha_final) VALUES (NULL, 5, 6, '2025-05-04 08:14:10', '2025-05-05 05:25:10');
INSERT INTO historial_estados (incidencia_id, estado_inicial_id, estado_actual_id, fecha_comienzo, fecha_final) VALUES (NULL, 6, 1, '2025-05-05 05:25:10', '2025-05-05 08:50:10');
INSERT INTO historial_estados (incidencia_id, estado_inicial_id, estado_actual_id, fecha_comienzo, fecha_final) VALUES (39, 1, 1, '2025-05-05 08:50:10', '2025-05-05 16:53:15');
INSERT INTO historial_estados (incidencia_id, estado_inicial_id, estado_actual_id, fecha_comienzo, fecha_final) VALUES (41, 5, 2, '2025-05-13 07:51:55', '2025-05-16 06:11:23');
INSERT INTO historial_estados (incidencia_id, estado_inicial_id, estado_actual_id, fecha_comienzo, fecha_final) VALUES (NULL, 5, 3, '2025-05-04 09:02:40', '2025-05-05 06:30:40');
INSERT INTO historial_estados (incidencia_id, estado_inicial_id, estado_actual_id, fecha_comienzo, fecha_final) VALUES (42, 3, 6, '2025-05-05 06:30:40', '2025-05-06 01:03:08');
INSERT INTO historial_estados (incidencia_id, estado_inicial_id, estado_actual_id, fecha_comienzo, fecha_final) VALUES (43, 5, 2, '2025-05-04 11:51:01', '2025-05-07 03:24:56');
INSERT INTO historial_estados (incidencia_id, estado_inicial_id, estado_actual_id, fecha_comienzo, fecha_final) VALUES (44, 5, 4, '2025-05-09 21:47:42', '2025-05-10 18:36:13');
INSERT INTO historial_estados (incidencia_id, estado_inicial_id, estado_actual_id, fecha_comienzo, fecha_final) VALUES (45, 5, 3, '2025-05-10 01:54:34', '2025-05-10 08:02:10');
INSERT INTO historial_estados (incidencia_id, estado_inicial_id, estado_actual_id, fecha_comienzo, fecha_final) VALUES (NULL, 5, 6, '2025-05-07 00:33:19', '2025-05-07 13:53:19');
INSERT INTO historial_estados (incidencia_id, estado_inicial_id, estado_actual_id, fecha_comienzo, fecha_final) VALUES (NULL, 6, 1, '2025-05-07 13:53:19', '2025-05-07 16:16:19');
INSERT INTO historial_estados (incidencia_id, estado_inicial_id, estado_actual_id, fecha_comienzo, fecha_final) VALUES (46, 1, 1, '2025-05-07 16:16:19', '2025-05-07 19:34:08');
INSERT INTO historial_estados (incidencia_id, estado_inicial_id, estado_actual_id, fecha_comienzo, fecha_final) VALUES (NULL, 5, 1, '2025-05-13 01:28:09', '2025-05-13 13:51:09');
INSERT INTO historial_estados (incidencia_id, estado_inicial_id, estado_actual_id, fecha_comienzo, fecha_final) VALUES (47, 1, 5, '2025-05-13 13:51:09', '2025-05-14 07:19:59');
INSERT INTO historial_estados (incidencia_id, estado_inicial_id, estado_actual_id, fecha_comienzo, fecha_final) VALUES (NULL, 5, 4, '2025-05-13 07:18:39', '2025-05-14 06:25:39');
INSERT INTO historial_estados (incidencia_id, estado_inicial_id, estado_actual_id, fecha_comienzo, fecha_final) VALUES (48, 4, 2, '2025-05-14 06:25:39', '2025-05-14 21:40:59');
INSERT INTO historial_estados (incidencia_id, estado_inicial_id, estado_actual_id, fecha_comienzo, fecha_final) VALUES (49, 5, 4, '2025-05-02 02:59:40', '2025-05-05 04:31:18');
INSERT INTO historial_estados (incidencia_id, estado_inicial_id, estado_actual_id, fecha_comienzo, fecha_final) VALUES (NULL, 5, 1, '2025-05-03 04:06:59', '2025-05-03 22:16:59');
INSERT INTO historial_estados (incidencia_id, estado_inicial_id, estado_actual_id, fecha_comienzo, fecha_final) VALUES (50, 1, 5, '2025-05-03 22:16:59', '2025-05-04 19:29:49');
INSERT INTO historial_estados (incidencia_id, estado_inicial_id, estado_actual_id, fecha_comienzo, fecha_final) VALUES (51, 5, 6, '2025-05-15 06:39:16', '2025-05-16 18:19:31');
INSERT INTO historial_estados (incidencia_id, estado_inicial_id, estado_actual_id, fecha_comienzo, fecha_final) VALUES (NULL, 5, 4, '2025-05-13 14:51:30', '2025-05-14 01:47:30');
INSERT INTO historial_estados (incidencia_id, estado_inicial_id, estado_actual_id, fecha_comienzo, fecha_final) VALUES (52, 4, 5, '2025-05-14 01:47:30', '2025-05-16 05:37:00');
INSERT INTO historial_estados (incidencia_id, estado_inicial_id, estado_actual_id, fecha_comienzo, fecha_final) VALUES (53, 5, 3, '2025-05-09 23:06:00', '2025-05-10 15:51:01');
INSERT INTO historial_estados (incidencia_id, estado_inicial_id, estado_actual_id, fecha_comienzo, fecha_final) VALUES (54, 5, 1, '2025-05-17 03:34:45', '2025-05-17 13:37:36');
INSERT INTO historial_estados (incidencia_id, estado_inicial_id, estado_actual_id, fecha_comienzo, fecha_final) VALUES (NULL, 5, 3, '2025-05-08 09:16:20', '2025-05-09 04:09:20');
INSERT INTO historial_estados (incidencia_id, estado_inicial_id, estado_actual_id, fecha_comienzo, fecha_final) VALUES (NULL, 3, 4, '2025-05-09 04:09:20', '2025-05-09 08:38:20');
INSERT INTO historial_estados (incidencia_id, estado_inicial_id, estado_actual_id, fecha_comienzo, fecha_final) VALUES (55, 4, 1, '2025-05-09 08:38:20', '2025-05-09 08:53:51');
INSERT INTO historial_estados (incidencia_id, estado_inicial_id, estado_actual_id, fecha_comienzo, fecha_final) VALUES (NULL, 5, 4, '2025-05-06 06:14:20', '2025-05-06 11:07:20');
INSERT INTO historial_estados (incidencia_id, estado_inicial_id, estado_actual_id, fecha_comienzo, fecha_final) VALUES (NULL, 4, 6, '2025-05-06 11:07:20', '2025-05-07 06:16:20');
INSERT INTO historial_estados (incidencia_id, estado_inicial_id, estado_actual_id, fecha_comienzo, fecha_final) VALUES (56, 6, 4, '2025-05-07 06:16:20', '2025-05-07 09:21:03');
INSERT INTO historial_estados (incidencia_id, estado_inicial_id, estado_actual_id, fecha_comienzo, fecha_final) VALUES (NULL, 5, 2, '2025-05-08 14:29:45', '2025-05-09 09:32:45');
INSERT INTO historial_estados (incidencia_id, estado_inicial_id, estado_actual_id, fecha_comienzo, fecha_final) VALUES (57, 2, 6, '2025-05-09 09:32:45', '2025-05-09 15:41:22');
INSERT INTO historial_estados (incidencia_id, estado_inicial_id, estado_actual_id, fecha_comienzo, fecha_final) VALUES (58, 5, 3, '2025-05-11 20:01:04', '2025-05-13 08:51:44');
INSERT INTO historial_estados (incidencia_id, estado_inicial_id, estado_actual_id, fecha_comienzo, fecha_final) VALUES (59, 5, 4, '2025-05-12 03:41:53', '2025-05-13 19:33:00');
INSERT INTO historial_estados (incidencia_id, estado_inicial_id, estado_actual_id, fecha_comienzo, fecha_final) VALUES (NULL, 5, 3, '2025-05-12 11:52:20', '2025-05-12 14:17:20');
INSERT INTO historial_estados (incidencia_id, estado_inicial_id, estado_actual_id, fecha_comienzo, fecha_final) VALUES (NULL, 3, 6, '2025-05-12 14:17:20', '2025-05-12 18:10:20');
INSERT INTO historial_estados (incidencia_id, estado_inicial_id, estado_actual_id, fecha_comienzo, fecha_final) VALUES (63, 6, 5, '2025-05-12 18:10:20', '2025-05-14 08:38:24');
INSERT INTO historial_estados (incidencia_id, estado_inicial_id, estado_actual_id, fecha_comienzo, fecha_final) VALUES (64, 5, 4, '2025-05-10 22:15:35', '2025-05-12 17:16:45');
INSERT INTO historial_estados (incidencia_id, estado_inicial_id, estado_actual_id, fecha_comienzo, fecha_final) VALUES (NULL, 5, 2, '2025-05-09 12:14:33', '2025-05-10 02:26:33');
INSERT INTO historial_estados (incidencia_id, estado_inicial_id, estado_actual_id, fecha_comienzo, fecha_final) VALUES (NULL, 2, 3, '2025-05-10 02:26:33', '2025-05-10 07:00:33');
INSERT INTO historial_estados (incidencia_id, estado_inicial_id, estado_actual_id, fecha_comienzo, fecha_final) VALUES (65, 3, 3, '2025-05-10 07:00:33', '2025-05-10 23:39:48');
INSERT INTO historial_estados (incidencia_id, estado_inicial_id, estado_actual_id, fecha_comienzo, fecha_final) VALUES (70, 5, 5, '2025-05-12 14:36:02', '2025-05-15 00:51:08');
INSERT INTO historial_estados (incidencia_id, estado_inicial_id, estado_actual_id, fecha_comienzo, fecha_final) VALUES (NULL, 5, 1, '2025-05-03 12:36:35', '2025-05-04 07:28:35');
INSERT INTO historial_estados (incidencia_id, estado_inicial_id, estado_actual_id, fecha_comienzo, fecha_final) VALUES (71, 1, 3, '2025-05-04 07:28:35', '2025-05-04 18:40:50');
INSERT INTO historial_estados (incidencia_id, estado_inicial_id, estado_actual_id, fecha_comienzo, fecha_final) VALUES (NULL, 5, 2, '2025-05-18 03:42:55', '2025-05-19 03:08:55');
INSERT INTO historial_estados (incidencia_id, estado_inicial_id, estado_actual_id, fecha_comienzo, fecha_final) VALUES (NULL, 2, 3, '2025-05-19 03:08:55', '2025-05-19 08:21:55');
INSERT INTO historial_estados (incidencia_id, estado_inicial_id, estado_actual_id, fecha_comienzo, fecha_final) VALUES (72, 3, 4, '2025-05-19 08:21:55', '2025-05-20 02:25:31');
INSERT INTO historial_estados (incidencia_id, estado_inicial_id, estado_actual_id, fecha_comienzo, fecha_final) VALUES (NULL, 5, 3, '2025-05-13 18:23:28', '2025-05-14 05:50:28');
INSERT INTO historial_estados (incidencia_id, estado_inicial_id, estado_actual_id, fecha_comienzo, fecha_final) VALUES (NULL, 3, 2, '2025-05-14 05:50:28', '2025-05-14 22:06:28');
INSERT INTO historial_estados (incidencia_id, estado_inicial_id, estado_actual_id, fecha_comienzo, fecha_final) VALUES (74, 2, 6, '2025-05-14 22:06:28', '2025-05-16 18:17:01');
INSERT INTO historial_estados (incidencia_id, estado_inicial_id, estado_actual_id, fecha_comienzo, fecha_final) VALUES (NULL, 5, 1, '2025-05-05 01:49:56', '2025-05-05 12:45:56');
INSERT INTO historial_estados (incidencia_id, estado_inicial_id, estado_actual_id, fecha_comienzo, fecha_final) VALUES (NULL, 1, 6, '2025-05-05 12:45:56', '2025-05-06 03:31:56');
INSERT INTO historial_estados (incidencia_id, estado_inicial_id, estado_actual_id, fecha_comienzo, fecha_final) VALUES (76, 6, 1, '2025-05-06 03:31:56', '2025-05-06 16:18:13');
INSERT INTO historial_estados (incidencia_id, estado_inicial_id, estado_actual_id, fecha_comienzo, fecha_final) VALUES (78, 5, 6, '2025-05-04 08:58:22', '2025-05-05 05:07:56');
INSERT INTO historial_estados (incidencia_id, estado_inicial_id, estado_actual_id, fecha_comienzo, fecha_final) VALUES (NULL, 5, 4, '2025-05-07 02:48:08', '2025-05-07 06:16:08');
INSERT INTO historial_estados (incidencia_id, estado_inicial_id, estado_actual_id, fecha_comienzo, fecha_final) VALUES (79, 4, 4, '2025-05-07 06:16:08', '2025-05-08 17:52:33');
INSERT INTO historial_estados (incidencia_id, estado_inicial_id, estado_actual_id, fecha_comienzo, fecha_final) VALUES (80, 5, 5, '2025-05-08 11:11:34', '2025-05-10 00:16:37');
INSERT INTO historial_estados (incidencia_id, estado_inicial_id, estado_actual_id, fecha_comienzo, fecha_final) VALUES (82, 5, 3, '2025-05-17 07:47:24', '2025-05-18 13:34:32');
INSERT INTO historial_estados (incidencia_id, estado_inicial_id, estado_actual_id, fecha_comienzo, fecha_final) VALUES (NULL, 5, 3, '2025-05-14 04:50:01', '2025-05-14 16:34:01');
INSERT INTO historial_estados (incidencia_id, estado_inicial_id, estado_actual_id, fecha_comienzo, fecha_final) VALUES (NULL, 3, 5, '2025-05-14 16:34:01', '2025-05-14 22:03:01');
INSERT INTO historial_estados (incidencia_id, estado_inicial_id, estado_actual_id, fecha_comienzo, fecha_final) VALUES (85, 5, 2, '2025-05-14 22:03:01', '2025-05-17 03:08:58');
INSERT INTO historial_estados (incidencia_id, estado_inicial_id, estado_actual_id, fecha_comienzo, fecha_final) VALUES (NULL, 5, 6, '2025-05-15 09:41:23', '2025-05-15 17:06:23');
INSERT INTO historial_estados (incidencia_id, estado_inicial_id, estado_actual_id, fecha_comienzo, fecha_final) VALUES (NULL, 6, 5, '2025-05-15 17:06:23', '2025-05-15 20:40:23');
INSERT INTO historial_estados (incidencia_id, estado_inicial_id, estado_actual_id, fecha_comienzo, fecha_final) VALUES (86, 5, 3, '2025-05-15 20:40:23', '2025-05-15 23:09:48');
INSERT INTO historial_estados (incidencia_id, estado_inicial_id, estado_actual_id, fecha_comienzo, fecha_final) VALUES (NULL, 5, 4, '2025-05-17 08:12:16', '2025-05-17 18:28:16');
INSERT INTO historial_estados (incidencia_id, estado_inicial_id, estado_actual_id, fecha_comienzo, fecha_final) VALUES (NULL, 4, 3, '2025-05-17 18:28:16', '2025-05-18 06:40:16');
INSERT INTO historial_estados (incidencia_id, estado_inicial_id, estado_actual_id, fecha_comienzo, fecha_final) VALUES (87, 3, 3, '2025-05-18 06:40:16', '2025-05-18 13:31:32');
INSERT INTO historial_estados (incidencia_id, estado_inicial_id, estado_actual_id, fecha_comienzo, fecha_final) VALUES (NULL, 5, 2, '2025-05-08 03:27:33', '2025-05-08 14:49:33');
INSERT INTO historial_estados (incidencia_id, estado_inicial_id, estado_actual_id, fecha_comienzo, fecha_final) VALUES (88, 2, 5, '2025-05-08 14:49:33', '2025-05-08 23:43:43');
INSERT INTO historial_estados (incidencia_id, estado_inicial_id, estado_actual_id, fecha_comienzo, fecha_final) VALUES (NULL, 5, 6, '2025-05-05 18:55:56', '2025-05-06 07:24:56');
INSERT INTO historial_estados (incidencia_id, estado_inicial_id, estado_actual_id, fecha_comienzo, fecha_final) VALUES (89, 6, 1, '2025-05-06 07:24:56', '2025-05-07 09:28:58');
INSERT INTO historial_estados (incidencia_id, estado_inicial_id, estado_actual_id, fecha_comienzo, fecha_final) VALUES (NULL, 5, 3, '2025-05-17 03:43:09', '2025-05-17 06:12:09');
INSERT INTO historial_estados (incidencia_id, estado_inicial_id, estado_actual_id, fecha_comienzo, fecha_final) VALUES (NULL, 3, 1, '2025-05-17 06:12:09', '2025-05-18 01:18:09');
INSERT INTO historial_estados (incidencia_id, estado_inicial_id, estado_actual_id, fecha_comienzo, fecha_final) VALUES (90, 1, 2, '2025-05-18 01:18:09', '2025-05-18 11:54:32');
INSERT INTO historial_estados (incidencia_id, estado_inicial_id, estado_actual_id, fecha_comienzo, fecha_final) VALUES (NULL, 5, 1, '2025-05-12 16:44:51', '2025-05-13 01:47:51');
INSERT INTO historial_estados (incidencia_id, estado_inicial_id, estado_actual_id, fecha_comienzo, fecha_final) VALUES (92, 1, 1, '2025-05-13 01:47:51', '2025-05-13 03:25:39');
INSERT INTO historial_estados (incidencia_id, estado_inicial_id, estado_actual_id, fecha_comienzo, fecha_final) VALUES (93, 5, 5, '2025-05-09 08:08:04', '2025-05-11 04:54:42');
INSERT INTO historial_estados (incidencia_id, estado_inicial_id, estado_actual_id, fecha_comienzo, fecha_final) VALUES (NULL, 5, 1, '2025-05-07 22:53:08', '2025-05-08 17:18:08');
INSERT INTO historial_estados (incidencia_id, estado_inicial_id, estado_actual_id, fecha_comienzo, fecha_final) VALUES (NULL, 1, 5, '2025-05-08 17:18:08', '2025-05-09 10:00:08');
INSERT INTO historial_estados (incidencia_id, estado_inicial_id, estado_actual_id, fecha_comienzo, fecha_final) VALUES (95, 5, 4, '2025-05-09 10:00:08', '2025-05-09 11:25:03');
INSERT INTO historial_estados (incidencia_id, estado_inicial_id, estado_actual_id, fecha_comienzo, fecha_final) VALUES (96, 5, 1, '2025-05-02 06:50:30', '2025-05-02 14:05:33');
INSERT INTO historial_estados (incidencia_id, estado_inicial_id, estado_actual_id, fecha_comienzo, fecha_final) VALUES (NULL, 5, 1, '2025-05-12 05:27:17', '2025-05-12 13:20:17');
INSERT INTO historial_estados (incidencia_id, estado_inicial_id, estado_actual_id, fecha_comienzo, fecha_final) VALUES (97, 1, 5, '2025-05-12 13:20:17', '2025-05-14 05:12:47');
INSERT INTO historial_estados (incidencia_id, estado_inicial_id, estado_actual_id, fecha_comienzo, fecha_final) VALUES (NULL, 5, 2, '2025-05-02 09:45:11', '2025-05-02 12:07:11');
INSERT INTO historial_estados (incidencia_id, estado_inicial_id, estado_actual_id, fecha_comienzo, fecha_final) VALUES (98, 2, 2, '2025-05-02 12:07:11', '2025-05-03 01:37:22');
INSERT INTO historial_estados (incidencia_id, estado_inicial_id, estado_actual_id, fecha_comienzo, fecha_final) VALUES (99, 5, 2, '2025-05-18 06:57:32', '2025-05-20 11:47:56');
INSERT INTO historial_estados (incidencia_id, estado_inicial_id, estado_actual_id, fecha_comienzo, fecha_final) VALUES (101, 5, 6, '2025-05-02 06:48:27', '2025-05-04 15:41:24');
INSERT INTO historial_estados (incidencia_id, estado_inicial_id, estado_actual_id, fecha_comienzo, fecha_final) VALUES (102, 5, 2, '2025-05-09 09:26:13', '2025-05-11 03:08:41');
INSERT INTO historial_estados (incidencia_id, estado_inicial_id, estado_actual_id, fecha_comienzo, fecha_final) VALUES (103, 5, 1, '2025-05-07 23:30:15', '2025-05-09 14:04:48');
INSERT INTO historial_estados (incidencia_id, estado_inicial_id, estado_actual_id, fecha_comienzo, fecha_final) VALUES (NULL, 5, 3, '2025-05-10 00:36:32', '2025-05-10 09:37:32');
INSERT INTO historial_estados (incidencia_id, estado_inicial_id, estado_actual_id, fecha_comienzo, fecha_final) VALUES (106, 3, 5, '2025-05-10 09:37:32', '2025-05-11 15:15:23');
INSERT INTO historial_estados (incidencia_id, estado_inicial_id, estado_actual_id, fecha_comienzo, fecha_final) VALUES (NULL, 5, 6, '2025-05-05 02:50:56', '2025-05-05 15:11:56');
INSERT INTO historial_estados (incidencia_id, estado_inicial_id, estado_actual_id, fecha_comienzo, fecha_final) VALUES (107, 6, 2, '2025-05-05 15:11:56', '2025-05-06 15:02:24');
INSERT INTO historial_estados (incidencia_id, estado_inicial_id, estado_actual_id, fecha_comienzo, fecha_final) VALUES (NULL, 5, 4, '2025-05-15 19:39:52', '2025-05-16 10:09:52');
INSERT INTO historial_estados (incidencia_id, estado_inicial_id, estado_actual_id, fecha_comienzo, fecha_final) VALUES (108, 4, 2, '2025-05-16 10:09:52', '2025-05-18 19:19:07');