INSERT INTO Estado (id, nombre, valor, activo, color_fondo, color_texto, tipo) VALUES (1, 'Resuelto', 'resuelto', true, '#198754', '#000000', 2);
INSERT INTO Estado (id, nombre, valor, activo, color_fondo, color_texto, tipo) VALUES (2, 'En Proceso', 'en-proceso', true, '#0dcaf0', '#000000', 1);
INSERT INTO Estado (id, nombre, valor, activo, color_fondo, color_texto, tipo) VALUES (3, 'Cancelado', 'cancelado', true, '#dc3545', '#ffffff', 2);
INSERT INTO Estado (id, nombre, valor, activo, color_fondo, color_texto, tipo) VALUES (4, 'Bloqueado', 'bloqueado', true, '#6c757d', '#ffffff', 1);
INSERT INTO Estado (id, nombre, valor, activo, color_fondo, color_texto, tipo) VALUES (5, 'Sin Estado', 'sin-estado', true, '#04c7f5', '#ffffff', 0);
INSERT INTO Estado (id, nombre, valor, activo, color_fondo, color_texto, tipo) VALUES (6, 'Pendiente', 'pendiente', true, '#ffc107', '#000000', 0);

ALTER TABLE Estado ALTER COLUMN id RESTART WITH 7;

INSERT INTO Usuario (id, username, password, rol, nombre, apellidos, email, telefono, fecha_registro, editable) VALUES (1, 'user01', '$2a$12$7.MmeCKa9h.4u2uC31zOgOKFEyXQmIWKswTbNu4.MQedYyvQ2pgzW', 'USER', 'Ana', 'Martínez', 'ana.martinez@example.com', '612345678', '2024-11-03', true);
INSERT INTO Usuario (id, username, password, rol, nombre, apellidos, email, telefono, fecha_registro, editable) VALUES (2, 'user02', '$2a$12$Ur0Am.HjJ0WseHbtWuZLjuJ2yBbyQU5MJPORmweLEEd5ip2C05IYq', 'USER', 'Carlos', 'Jiménez', 'carlos.jimenez@example.com', '622345679', '2024-12-10', true);
INSERT INTO Usuario (id, username, password, rol, nombre, apellidos, email, telefono, fecha_registro, editable) VALUES (3, 'user03', '$2a$12$qiHV.kWZWYJXcpQWUwJME.c4o2bZxgINRb8jQCghvK5MrMRD0kNCy', 'USER', 'Lucía', 'Navarro', 'lucia.navarro@example.com', '632345680', '2025-01-05', true);
INSERT INTO Usuario (id, username, password, rol, nombre, apellidos, email, telefono, fecha_registro, editable) VALUES (4, 'user04', '$2a$12$Z9N.3Njv.bBXFfui5ysesu6Oc39oXfGs8n7V45ae/QIMunErTl3Fy', 'USER', 'David', 'Fernández', 'david.fernandez@example.com', '642345681', '2025-02-12', true);
INSERT INTO usuario (id, username, password, nombre, apellidos, rol, editable) VALUES (5, 'sin-tecnico', 'sin-tecnico', 'Sin Tecnico', '', 'TECH',false);
INSERT INTO usuario (id, username, password, nombre, apellidos, rol, editable) VALUES (6, 'sin-reportante', 'sin-reportante', 'Sin Reportante', '','USER',false);
INSERT INTO Usuario (id, username, password, rol, nombre, apellidos, email, telefono, fecha_registro, editable) VALUES (7, 'user05', '$2a$12$BxOL/W6prcl10mPFM8sTlOudTdxmw/mNqYsINIkw5Ze1otkt58X0q', 'USER', 'Elena', 'Romero', 'elena.romero@example.com', '652345682', '2025-03-18', true);
INSERT INTO Usuario (id, username, password, rol, nombre, apellidos, email, telefono, fecha_registro, editable) VALUES (8, 'user06', '$2a$12$wcv3W3nrkedYQM1py43D5OyoxU6WOmPqrwDmnR7CnOtkzO2M44fhG', 'USER', 'Javier', 'Ortiz', 'javier.ortiz@example.com', '662345683', '2025-03-21', true);
INSERT INTO Usuario (id, username, password, rol, nombre, apellidos, email, telefono, fecha_registro, editable) VALUES (9, 'user07', '$2a$12$.Xv5w.qDf964rO.2x8TBJOu.Yq6xR7kXLOQUrwcHdpS8lYsfQB5yq', 'USER', 'Sara', 'Cano', 'sara.cano@example.com', '672345684', '2025-03-27', true);
INSERT INTO Usuario (id, username, password, rol, nombre, apellidos, email, telefono, fecha_registro, editable) VALUES (10, 'user08', '$2a$12$qL1JYDBiYRpCwyUp9/r/euX7gmLChdir8NAX7LJQBWS6DApOZxQ.i', 'USER', 'Mario', 'González', 'mario.gonzalez@example.com', '682345685', '2025-04-04', true);
INSERT INTO Usuario (id, username, password, rol, nombre, apellidos, email, telefono, fecha_registro, editable) VALUES (11, 'user09', '$2a$12$WL05lv72x9P6zeymFJzqre5smIW5t6L/v832MDKaZIyG4uTG7NsaK', 'USER', 'Nuria', 'Sanz', 'nuria.sanz@example.com', '692345686', '2025-04-11', true);
INSERT INTO Usuario (id, username, password, rol, nombre, apellidos, email, telefono, fecha_registro, editable) VALUES (12, 'user10', '$2a$12$smC6itF8JbqT83mXwnBPOu8ibh9aB/HryghmzLRB2B2/MJH1ImSom', 'USER', 'Raúl', 'Alonso', 'raul.alonso@example.com', '602345687', '2025-04-17', true);
INSERT INTO Usuario (id, username, password, rol, nombre, apellidos, email, telefono, fecha_registro, editable) VALUES (13, 'tech01', '$2a$12$mYl/eUWoje6/6cs0OoYGa.4IOH4iG5ziFr5go4c/V6Nr9bmyl.z/q', 'TECH', 'Isabel', 'Pérez', 'isabel.perez@example.com', '611111111', '2025-04-20', true);
INSERT INTO Usuario (id, username, password, rol, nombre, apellidos, email, telefono, fecha_registro, editable) VALUES (14, 'tech02', '$2a$12$JfN31Y95PREiph5/yuvBreFZhovgrjSzyGxdzC5EhdqPqMiJbdB8S', 'TECH', 'Pedro', 'Herrera', 'pedro.herrera@example.com', '622222222', '2025-04-21', true);
INSERT INTO Usuario (id, username, password, rol, nombre, apellidos, email, telefono, fecha_registro, editable) VALUES (15, 'tech03', '$2a$12$FePPC3xeTTHl8FsgK1APFuH8Sxdnh48BGoIq8k/HFkxG1RwyxOdlu', 'TECH', 'Claudia', 'Mora', 'claudia.mora@example.com', '633333333', '2025-04-22', true);
INSERT INTO Usuario (id, username, password, rol, nombre, apellidos, email, telefono, fecha_registro, editable) VALUES (16, 'tech04', '$2a$12$obaRrurahwkaCtabLacxg.rVgpJO9Bo2jaEPvmrK1EP/xiF/tNS1m', 'TECH', 'Alberto', 'Reyes', 'alberto.reyes@example.com', '644444444', '2025-04-23', true);
INSERT INTO Usuario (id, username, password, rol, nombre, apellidos, email, telefono, fecha_registro, editable) VALUES (17, 'tech05', '$2a$12$obaRrurahwkaCtabLacxg.rVgpJO9Bo2jaEPvmrK1EP/xiF/tNS1m', 'TECH', 'Patricia', 'Crespo', 'patricia.crespo@example.com', '655555555', '2025-04-24', true);
INSERT INTO Usuario (id, username, password, rol, nombre, apellidos, email, telefono, fecha_registro, editable) VALUES (18, 'tech06', '$2a$12$obaRrurahwkaCtabLacxg.rVgpJO9Bo2jaEPvmrK1EP/xiF/tNS1m', 'TECH', 'Hugo', 'López', 'hugo.lopez@example.com', '666666666', '2025-04-25', true);
INSERT INTO Usuario (id, username, password, rol, nombre, apellidos, email, telefono, fecha_registro, editable) VALUES (19, 'tech07', '$2a$12$obaRrurahwkaCtabLacxg.rVgpJO9Bo2jaEPvmrK1EP/xiF/tNS1m', 'TECH', 'Teresa', 'Delgado', 'teresa.delgado@example.com', '677777777', '2025-04-26', true);
INSERT INTO Usuario (id, username, password, rol, nombre, apellidos, email, telefono, fecha_registro, editable) VALUES (20, 'tech08', '$2a$12$obaRrurahwkaCtabLacxg.rVgpJO9Bo2jaEPvmrK1EP/xiF/tNS1m', 'TECH', 'Andrés', 'Ruiz', 'andres.ruiz@example.com', '688888888', '2025-04-27', true);
INSERT INTO Usuario (id, username, password, rol, nombre, apellidos, email, telefono, fecha_registro, editable) VALUES (21, 'tech09', '$2a$12$obaRrurahwkaCtabLacxg.rVgpJO9Bo2jaEPvmrK1EP/xiF/tNS1m', 'TECH', 'Laura', 'Suárez', 'laura.suarez@example.com', '699999999', '2025-04-28', true);
INSERT INTO Usuario (id, username, password, rol, nombre, apellidos, email, telefono, fecha_registro, editable) VALUES (22, 'tech10', '$2a$12$obaRrurahwkaCtabLacxg.rVgpJO9Bo2jaEPvmrK1EP/xiF/tNS1m', 'TECH', 'Sergio', 'Bermúdez', 'sergio.bermudez@example.com', '600000000', '2025-04-29', true);
INSERT INTO Usuario (id,username,password,rol,editable, nombre, apellidos) VALUES (23,'user','$2a$10$P.INQOjXA6Krg12MKDl3ne0jZKqQPwjdNd9LfzYl9m2GTwm1nfm3y','USER',false,'user','');
INSERT INTO usuario (id, username, password, nombre, apellidos, rol, editable) VALUES (24, 'tech', '$2a$12$cVbhu2H9QtaWAA8zmXs7luqThZjcKrBTLd5upkgn.SFRPEVo76OKm', 'tech', '', 'TECH',false);
ALTER TABLE usuario ALTER COLUMN id RESTART WITH 25;
INSERT INTO usuario (username, password, nombre, apellidos, rol, editable) VALUES ( 'admin', '$2a$12$fMCbeiD5ulJd0HVupQClOeUglGpw9z2UphGQPI3ANsiEtGP.TA67K', 'admin', '', 'ADMIN',false);
INSERT INTO Incidencia (id, titulo, ubicacion, descripcion, reportante_id, tecnico_id, estado_id, fecha_creacion, fechaiea, fecha_modificacion) VALUES (0, 'Fallo de conexión LAN', 'Aula 4', 'No hay acceso a internet en el aula.', 12, 13, 6, '2025-05-15 03:31:56', '2025-05-16 12:19:37', '2025-05-17 08:37:41');
INSERT INTO Incidencia (id, titulo, ubicacion, descripcion, reportante_id, tecnico_id, estado_id, fecha_creacion, fechaiea, fecha_modificacion) VALUES (1, 'Frío excesivo', 'Aula 9', 'Mas frio que pescando pinguinos', 7, 21, 2, '2025-05-11 13:08:29', '2025-05-11 20:37:59', '2025-05-13 08:03:01');
INSERT INTO Incidencia (id, titulo, ubicacion, descripcion, reportante_id, tecnico_id, estado_id, fecha_creacion, fechaiea, fecha_modificacion) VALUES (2, 'Problemas eléctricos', 'Aula 15', 'El equipo no enciende por falta de energía.', 11, 20, 4, '2025-05-18 23:40:09', '2025-05-19 13:41:29', '2025-05-20 04:21:34');
INSERT INTO Incidencia (id, titulo, ubicacion, descripcion, reportante_id, tecnico_id, estado_id, fecha_creacion, fechaiea, fecha_modificacion) VALUES (3, 'Sistema operativo corrupto', 'Aula 6', 'El disco duro no es detectado.', 4, 24, 3, '2025-05-01 19:36:26', '2025-05-02 14:49:17', '2025-05-04 05:43:19');
INSERT INTO Incidencia (id, titulo, ubicacion, descripcion, reportante_id, tecnico_id, estado_id, fecha_creacion, fechaiea, fecha_modificacion) VALUES (4, 'Fallo en impresora', 'Aula 16', 'El controlador de la impresora no está instalado correctamente.', 4, 17, 1, '2025-05-14 16:01:59', '2025-05-15 00:23:01', '2025-05-15 10:00:45');
INSERT INTO Incidencia (id, titulo, ubicacion, descripcion, reportante_id, tecnico_id, estado_id, fecha_creacion, fechaiea, fecha_modificacion) VALUES (5, 'Altavoces sin sonido', 'Aula 12', 'No se detecta ningún dispositivo de audio.', 4, 21, 1, '2025-05-16 12:40:56', '2025-05-17 02:53:47', '2025-05-17 10:30:31');
INSERT INTO Incidencia (id, titulo, ubicacion, descripcion, reportante_id, tecnico_id, estado_id, fecha_creacion, fechaiea, fecha_modificacion) VALUES (6, 'Fallo en impresora', 'Aula 3', 'Es mas antigua que el puente del sillo', 12, 16, 4, '2025-05-02 11:42:54', '2025-05-03 13:09:43', '2025-05-04 06:29:12');
INSERT INTO Incidencia (id, titulo, ubicacion, descripcion, reportante_id, tecnico_id, estado_id, fecha_creacion, fechaiea, fecha_modificacion) VALUES (7, 'Error de impresión', 'Aula 9', 'La impresora muestra un error de conexión.', 12, 19, 1, '2025-05-06 02:15:57', '2025-05-06 09:59:38', '2025-05-07 22:46:08');
INSERT INTO Incidencia (id, titulo, ubicacion, descripcion, reportante_id, tecnico_id, estado_id, fecha_creacion, fechaiea, fecha_modificacion) VALUES (8, 'Tablet no enciende', 'Aula 12', 'La pantalla de la tablet no responde al tacto.', 3, 5, 5, '2025-05-13 10:34:53', '2025-05-14 08:30:41', '2025-05-15 14:55:06');
INSERT INTO Incidencia (id, titulo, ubicacion, descripcion, reportante_id, tecnico_id, estado_id, fecha_creacion, fechaiea, fecha_modificacion) VALUES (9, 'Fallo en calefacción', 'Aula 14', 'El sistema de calefacción hace ruidos extraños.', 11, 18, 5, '2025-05-08 06:21:56', '2025-05-09 10:35:49', '2025-05-10 09:33:56');
INSERT INTO Incidencia (id, titulo, ubicacion, descripcion, reportante_id, tecnico_id, estado_id, fecha_creacion, fechaiea, fecha_modificacion) VALUES (10, 'Ordenador en huelga', 'Aula 4', 'Se reinicia más que mi motivación los lunes.', 3, 17, 5, '2025-05-13 11:03:25', '2025-05-13 20:18:37', '2025-05-14 18:22:19');
INSERT INTO Incidencia (id, titulo, ubicacion, descripcion, reportante_id, tecnico_id, estado_id, fecha_creacion, fechaiea, fecha_modificacion) VALUES (11, 'Fallo en cámara de seguridad', 'Aula 4', 'Fallo al acceder a la cámara desde el navegador.', 2, 13, 3, '2025-05-16 21:09:34', '2025-05-17 12:30:25', '2025-05-18 02:04:46');
INSERT INTO Incidencia (id, titulo, ubicacion, descripcion, reportante_id, tecnico_id, estado_id, fecha_creacion, fechaiea, fecha_modificacion) VALUES (12, 'PC con espíritu zen (no hace nada)', 'Aula 9', 'Tras 5 minutos sigue pensando... algo.', 2, 13, 5, '2025-05-11 12:55:16', '2025-05-12 16:49:54', '2025-05-13 03:05:46');
INSERT INTO Incidencia (id, titulo, ubicacion, descripcion, reportante_id, tecnico_id, estado_id, fecha_creacion, fechaiea, fecha_modificacion) VALUES (13, 'Fallo de conexión LAN', 'Aula 10', 'No hay acceso a internet en el aula.', 3, 24, 2, '2025-05-18 02:18:49', '2025-05-19 17:12:32', '2025-05-20 03:57:52');
INSERT INTO Incidencia (id, titulo, ubicacion, descripcion, reportante_id, tecnico_id, estado_id, fecha_creacion, fechaiea, fecha_modificacion) VALUES (14, 'Conexión Wi-Fi de la Edad de Piedra', 'Aula 13', 'Cargar una web requiere pacto con fuerzas oscuras.', 2, 24, 5, '2025-05-14 17:50:50', '2025-05-15 21:43:18', '2025-05-16 20:10:00');
INSERT INTO Incidencia (id, titulo, ubicacion, descripcion, reportante_id, tecnico_id, estado_id, fecha_creacion, fechaiea, fecha_modificacion) VALUES (15, 'Calor excesivo', 'Aula 16', 'El aula está demasiado caliente.', 8, 16, 1, '2025-05-14 09:32:52', '2025-05-15 10:01:24', '2025-05-16 01:30:26');
INSERT INTO Incidencia (id, titulo, ubicacion, descripcion, reportante_id, tecnico_id, estado_id, fecha_creacion, fechaiea, fecha_modificacion) VALUES (16, 'Fallo en ventilación', 'Aula 19', 'El aire acondicionado no enfría adecuadamente.', 10, 19, 3, '2025-05-16 12:01:30', '2025-05-16 15:43:09', '2025-05-16 18:26:43');
INSERT INTO Incidencia (id, titulo, ubicacion, descripcion, reportante_id, tecnico_id, estado_id, fecha_creacion, fechaiea, fecha_modificacion) VALUES (17, 'Pantalla poseída', 'Aula 16', 'Se ve como si Gollum hubiese ajustado el brillo y contraste.', 2, 5, 5, '2025-05-01 20:28:55', '2025-05-01 22:05:32', '2025-05-03 05:11:25');
INSERT INTO Incidencia (id, titulo, ubicacion, descripcion, reportante_id, tecnico_id, estado_id, fecha_creacion, fechaiea, fecha_modificacion) VALUES (18, 'Proyector fundido', 'Aula 8', 'El proyector no responde al encenderlo.', 2, 5, 5, '2025-05-02 12:17:17', '2025-05-03 08:46:31', '2025-05-04 00:08:29');
INSERT INTO Incidencia (id, titulo, ubicacion, descripcion, reportante_id, tecnico_id, estado_id, fecha_creacion, fechaiea, fecha_modificacion) VALUES (19, 'Cámara sin imagen', 'Aula 3', 'Fallo al acceder a la cámara desde el navegador.', 8, 5, 5, '2025-05-13 04:35:23', '2025-05-13 18:37:03', '2025-05-15 08:27:50');
INSERT INTO Incidencia (id, titulo, ubicacion, descripcion, reportante_id, tecnico_id, estado_id, fecha_creacion, fechaiea, fecha_modificacion) VALUES (20, 'Proyector en modo abstracto', 'Aula 2', 'Parece que ha entrado en modo arte moderno.', 9, 21, 6, '2025-05-15 14:13:08', '2025-05-16 07:07:13', '2025-05-17 15:07:12');
INSERT INTO Incidencia (id, titulo, ubicacion, descripcion, reportante_id, tecnico_id, estado_id, fecha_creacion, fechaiea, fecha_modificacion) VALUES (21, 'Aplicación no se inicia', 'Aula 6', 'La aplicación no se abre al hacer clic.', 12, 19, 1, '2025-05-04 14:28:22', '2025-05-04 21:00:34', '2025-05-06 05:44:16');
INSERT INTO Incidencia (id, titulo, ubicacion, descripcion, reportante_id, tecnico_id, estado_id, fecha_creacion, fechaiea, fecha_modificacion) VALUES (22, 'Fallo en cámara de seguridad', 'Aula 19', 'Fallo al acceder a la cámara desde el navegador.', 11, 16, 4, '2025-05-02 16:24:02', '2025-05-03 13:49:28', '2025-05-03 17:18:07');
INSERT INTO Incidencia (id, titulo, ubicacion, descripcion, reportante_id, tecnico_id, estado_id, fecha_creacion, fechaiea, fecha_modificacion) VALUES (23, 'Aplicación no se inicia', 'Aula 13', 'La aplicación se cierra inesperadamente.', 3, 18, 6, '2025-05-08 15:07:45', '2025-05-09 13:06:50', '2025-05-10 08:24:48');
INSERT INTO Incidencia (id, titulo, ubicacion, descripcion, reportante_id, tecnico_id, estado_id, fecha_creacion, fechaiea, fecha_modificacion) VALUES (24, 'Impresora desconectada', 'Aula 17', 'Es mas antigua que el puente del sillo', 10, 24, 6, '2025-05-07 05:05:06', '2025-05-08 12:37:57', '2025-05-09 07:20:11');
INSERT INTO Incidencia (id, titulo, ubicacion, descripcion, reportante_id, tecnico_id, estado_id, fecha_creacion, fechaiea, fecha_modificacion) VALUES (25, 'Software desactualizado', 'Aula 1', 'Se requiere actualizar el software instalado.', 8, 13, 6, '2025-05-12 13:57:42', '2025-05-12 21:23:24', '2025-05-14 03:22:44');
INSERT INTO Incidencia (id, titulo, ubicacion, descripcion, reportante_id, tecnico_id, estado_id, fecha_creacion, fechaiea, fecha_modificacion) VALUES (26, 'Sistema operativo corrupto', 'Aula 4', 'El equipo no arranca, ni emite sonidos.', 7, 14, 5, '2025-05-14 05:54:59', '2025-05-14 15:36:35', '2025-05-15 11:22:21');
INSERT INTO Incidencia (id, titulo, ubicacion, descripcion, reportante_id, tecnico_id, estado_id, fecha_creacion, fechaiea, fecha_modificacion) VALUES (27, 'Conexión Wi-Fi de la Edad de Piedra', 'Aula 1', 'Con esta velocidad, enviar un correo es una aventura épica.', 11, 20, 6, '2025-05-10 06:32:12', '2025-05-10 17:51:50', '2025-05-11 16:39:31');
INSERT INTO Incidencia (id, titulo, ubicacion, descripcion, reportante_id, tecnico_id, estado_id, fecha_creacion, fechaiea, fecha_modificacion) VALUES (28, 'Asiento de tortura medieval', 'Aula 9', 'Crúje más que mis rodillas al levantarme.', 10, 24, 4, '2025-05-08 16:01:22', '2025-05-09 17:03:56', '2025-05-10 10:34:25');
INSERT INTO Incidencia (id, titulo, ubicacion, descripcion, reportante_id, tecnico_id, estado_id, fecha_creacion, fechaiea, fecha_modificacion) VALUES (29, 'Proyector fundido', 'Aula 16', 'La imagen proyectada está distorsionada o borrosa.', 9, 17, 4, '2025-05-06 16:14:20', '2025-05-07 20:14:08', '2025-05-08 14:37:34');
INSERT INTO Incidencia (id, titulo, ubicacion, descripcion, reportante_id, tecnico_id, estado_id, fecha_creacion, fechaiea, fecha_modificacion) VALUES (30, 'Asiento de tortura medieval', 'Aula 10', 'Crúje más que mis rodillas al levantarme.', 12, 17, 5, '2025-05-10 14:50:42', '2025-05-11 14:21:54', '2025-05-11 14:28:43');
INSERT INTO Incidencia (id, titulo, ubicacion, descripcion, reportante_id, tecnico_id, estado_id, fecha_creacion, fechaiea, fecha_modificacion) VALUES (31, 'Fallo en calefacción', 'Aula 7', 'El aula está demasiado fría.', 3, 19, 5, '2025-05-04 20:02:49', '2025-05-05 23:35:25', '2025-05-06 05:11:52');
INSERT INTO Incidencia (id, titulo, ubicacion, descripcion, reportante_id, tecnico_id, estado_id, fecha_creacion, fechaiea, fecha_modificacion) VALUES (32, 'Problemas eléctricos', 'Aula 20', 'Los enchufes no funcionan correctamente.', 10, 24, 3, '2025-05-11 01:57:39', '2025-05-12 15:37:05', '2025-05-14 02:59:52');
INSERT INTO Incidencia (id, titulo, ubicacion, descripcion, reportante_id, tecnico_id, estado_id, fecha_creacion, fechaiea, fecha_modificacion) VALUES (33, 'Cortocircuito', 'Aula 12', 'Se detecta un cortocircuito en el aula.', 23, 15, 6, '2025-05-02 00:41:32', '2025-05-02 02:56:38', '2025-05-02 15:27:35');
INSERT INTO Incidencia (id, titulo, ubicacion, descripcion, reportante_id, tecnico_id, estado_id, fecha_creacion, fechaiea, fecha_modificacion) VALUES (34, 'Tablet no enciende', 'Aula 19', 'La tablet no enciende, aunque esté cargada.', 7, 24, 2, '2025-05-03 23:17:01', '2025-05-04 13:50:10', '2025-05-05 22:20:49');
INSERT INTO Incidencia (id, titulo, ubicacion, descripcion, reportante_id, tecnico_id, estado_id, fecha_creacion, fechaiea, fecha_modificacion) VALUES (35, 'Fallo de entrada de teclado', 'Aula 11', 'El teclado se desconecta de forma intermitente.', 1, 13, 6, '2025-05-16 11:12:22', '2025-05-17 10:38:24', '2025-05-18 04:48:37');
INSERT INTO Incidencia (id, titulo, ubicacion, descripcion, reportante_id, tecnico_id, estado_id, fecha_creacion, fechaiea, fecha_modificacion) VALUES (36, 'Colores estilo Windows 95', 'Aula 1', 'La imagen está tan torcida que parece arte cubista.', 23, 5, 5, '2025-05-07 08:55:30', '2025-05-08 07:55:31', '2025-05-08 23:40:35');
INSERT INTO Incidencia (id, titulo, ubicacion, descripcion, reportante_id, tecnico_id, estado_id, fecha_creacion, fechaiea, fecha_modificacion) VALUES (37, 'Silla con vida propia', 'Aula 14', 'La silla gira sola cuando no debería.', 8, 15, 6, '2025-05-05 05:41:39', '2025-05-06 14:47:49', '2025-05-07 00:14:05');
INSERT INTO Incidencia (id, titulo, ubicacion, descripcion, reportante_id, tecnico_id, estado_id, fecha_creacion, fechaiea, fecha_modificacion) VALUES (38, 'Tablet no enciende', 'Aula 10', 'La batería de la tablet se agota rápidamente.', 4, 24, 5, '2025-05-13 13:34:48', '2025-05-14 23:02:45', '2025-05-15 07:25:27');
INSERT INTO Incidencia (id, titulo, ubicacion, descripcion, reportante_id, tecnico_id, estado_id, fecha_creacion, fechaiea, fecha_modificacion) VALUES (39, 'Software desactualizado', 'Aula 16', 'La aplicación no se abre al hacer clic.', 10, 24, 3, '2025-05-13 15:38:19', '2025-05-14 19:04:02', '2025-05-15 21:14:38');
INSERT INTO Incidencia (id, titulo, ubicacion, descripcion, reportante_id, tecnico_id, estado_id, fecha_creacion, fechaiea, fecha_modificacion) VALUES (40, 'Fallo de conexión LAN', 'Aula 8', 'No hay acceso a internet en el aula.', 12, 24, 6, '2025-05-13 14:54:16', '2025-05-14 06:09:43', '2025-05-15 11:17:41');
INSERT INTO Incidencia (id, titulo, ubicacion, descripcion, reportante_id, tecnico_id, estado_id, fecha_creacion, fechaiea, fecha_modificacion) VALUES (41, 'Impresora desconectada', 'Aula 17', 'No responde al intentar imprimir.', 12, 19, 5, '2025-05-02 23:27:41', '2025-05-04 05:34:17', '2025-05-04 22:27:03');
INSERT INTO Incidencia (id, titulo, ubicacion, descripcion, reportante_id, tecnico_id, estado_id, fecha_creacion, fechaiea, fecha_modificacion) VALUES (42, 'Software desactualizado', 'Aula 15', 'La aplicación no se abre al hacer clic.', 11, 17, 6, '2025-05-07 14:50:38', '2025-05-08 00:22:38', '2025-05-09 06:58:48');
INSERT INTO Incidencia (id, titulo, ubicacion, descripcion, reportante_id, tecnico_id, estado_id, fecha_creacion, fechaiea, fecha_modificacion) VALUES (43, 'Internet con pedal', 'Aula 4', 'Cargar una web requiere pacto con fuerzas oscuras.', 23, 13, 5, '2025-05-11 11:26:14', '2025-05-12 12:22:07', '2025-05-14 00:19:16');
INSERT INTO Incidencia (id, titulo, ubicacion, descripcion, reportante_id, tecnico_id, estado_id, fecha_creacion, fechaiea, fecha_modificacion) VALUES (44, 'Pantalla azul', 'Aula 17', 'El equipo no arranca, ni emite sonidos.', 23, 24, 6, '2025-05-14 16:53:43', '2025-05-15 13:42:00', '2025-05-15 19:34:43');
INSERT INTO Incidencia (id, titulo, ubicacion, descripcion, reportante_id, tecnico_id, estado_id, fecha_creacion, fechaiea, fecha_modificacion) VALUES (45, 'Sistema operativo corrupto', 'Aula 20', 'El sistema operativo no puede completar el arranque.', 2, 15, 4, '2025-05-03 10:06:49', '2025-05-04 17:00:42', '2025-05-05 09:58:17');
INSERT INTO Incidencia (id, titulo, ubicacion, descripcion, reportante_id, tecnico_id, estado_id, fecha_creacion, fechaiea, fecha_modificacion) VALUES (46, 'Calor excesivo', 'Aula 13', 'Hace mas calor que en la comunion de charmander', 23, 13, 4, '2025-05-18 14:11:27', '2025-05-19 01:14:38', '2025-05-19 03:16:00');
INSERT INTO Incidencia (id, titulo, ubicacion, descripcion, reportante_id, tecnico_id, estado_id, fecha_creacion, fechaiea, fecha_modificacion) VALUES (47, 'Pantalla poseída', 'Aula 16', 'La imagen está tan torcida que parece arte cubista.', 4, 15, 2, '2025-05-07 00:12:07', '2025-05-07 16:58:54', '2025-05-08 18:36:48');
INSERT INTO Incidencia (id, titulo, ubicacion, descripcion, reportante_id, tecnico_id, estado_id, fecha_creacion, fechaiea, fecha_modificacion) VALUES (48, 'Fallo de conexión LAN', 'Aula 3', 'Los dispositivos no logran conectarse a la red Wi-Fi.', 11, 21, 2, '2025-05-12 01:45:42', '2025-05-12 15:11:02', '2025-05-13 10:02:33');
INSERT INTO Incidencia (id, titulo, ubicacion, descripcion, reportante_id, tecnico_id, estado_id, fecha_creacion, fechaiea, fecha_modificacion) VALUES (49, 'Impresora desconectada', 'Aula 6', 'No responde al intentar imprimir.', 3, 5, 5, '2025-05-01 01:06:53', '2025-05-01 21:06:47', '2025-05-02 06:58:12');
INSERT INTO Incidencia (id, titulo, ubicacion, descripcion, reportante_id, tecnico_id, estado_id, fecha_creacion, fechaiea, fecha_modificacion) VALUES (50, 'Fallo de pantalla en tablet', 'Aula 10', 'La tablet no enciende, aunque esté cargada.', 8, 13, 6, '2025-05-02 12:29:36', '2025-05-03 08:07:12', '2025-05-03 12:18:13');
INSERT INTO Incidencia (id, titulo, ubicacion, descripcion, reportante_id, tecnico_id, estado_id, fecha_creacion, fechaiea, fecha_modificacion) VALUES (51, 'Sistema operativo corrupto', 'Aula 13', 'El disco duro no es detectado.', 8, 19, 5, '2025-05-02 19:43:21', '2025-05-03 16:43:53', '2025-05-03 20:05:11');
INSERT INTO Incidencia (id, titulo, ubicacion, descripcion, reportante_id, tecnico_id, estado_id, fecha_creacion, fechaiea, fecha_modificacion) VALUES (52, 'Proyector en modo abstracto', 'Aula 11', 'Parece que ha entrado en modo arte moderno.', 4, 14, 1, '2025-05-14 14:03:50', '2025-05-14 22:07:41', '2025-05-15 02:32:15');
INSERT INTO Incidencia (id, titulo, ubicacion, descripcion, reportante_id, tecnico_id, estado_id, fecha_creacion, fechaiea, fecha_modificacion) VALUES (53, 'Sonido incontrolable', 'Aula 9', 'Parece que alguien taladra constantemente en el aula.', 12, 20, 6, '2025-05-09 01:09:14', '2025-05-09 02:52:58', '2025-05-10 16:00:50');
INSERT INTO Incidencia (id, titulo, ubicacion, descripcion, reportante_id, tecnico_id, estado_id, fecha_creacion, fechaiea, fecha_modificacion) VALUES (54, 'Red más lenta que un caracol cojo', 'Aula 8', 'Con esta velocidad, enviar un correo es una aventura épica.', 23, 15, 3, '2025-05-14 04:49:37', '2025-05-14 17:36:27', '2025-05-15 12:28:37');
INSERT INTO Incidencia (id, titulo, ubicacion, descripcion, reportante_id, tecnico_id, estado_id, fecha_creacion, fechaiea, fecha_modificacion) VALUES (55, 'Pantalla azul', 'Aula 19', 'Se reinicia continuamente sin cargar Windows.', 2, 20, 4, '2025-05-12 11:29:09', '2025-05-12 18:36:40', '2025-05-12 22:12:54');
INSERT INTO Incidencia (id, titulo, ubicacion, descripcion, reportante_id, tecnico_id, estado_id, fecha_creacion, fechaiea, fecha_modificacion) VALUES (56, 'Proyector en modo abstracto', 'Aula 19', 'La pantalla cambia de color como una discoteca.', 23, 17, 2, '2025-05-17 00:40:34', '2025-05-18 12:37:00', '2025-05-18 21:07:46');
INSERT INTO Incidencia (id, titulo, ubicacion, descripcion, reportante_id, tecnico_id, estado_id, fecha_creacion, fechaiea, fecha_modificacion) VALUES (57, 'Trono de la incomodidad', 'Aula 18', 'Se inclina como si quisiera invocar algo.', 8, 14, 6, '2025-05-01 01:05:46', '2025-05-02 10:43:51', '2025-05-03 21:54:27');
INSERT INTO Incidencia (id, titulo, ubicacion, descripcion, reportante_id, tecnico_id, estado_id, fecha_creacion, fechaiea, fecha_modificacion) VALUES (58, 'Fallo de conexión LAN', 'Aula 4', 'La conexión por cable no funciona.', 9, 16, 6, '2025-05-16 03:53:35', '2025-05-17 06:45:52', '2025-05-18 20:36:07');
INSERT INTO Incidencia (id, titulo, ubicacion, descripcion, reportante_id, tecnico_id, estado_id, fecha_creacion, fechaiea, fecha_modificacion) VALUES (59, 'Cámara sin imagen', 'Aula 4', 'La cámara no transmite video en directo.', 11, 24, 1, '2025-05-09 22:33:12', '2025-05-10 17:05:41', '2025-05-10 20:25:47');
INSERT INTO Incidencia (id, titulo, ubicacion, descripcion, reportante_id, tecnico_id, estado_id, fecha_creacion, fechaiea, fecha_modificacion) VALUES (60, 'Red más lenta que un caracol cojo', 'Aula 7', 'Cargar una web requiere pacto con fuerzas oscuras.', 12, 5, 5, '2025-05-04 20:11:27', '2025-05-05 06:59:40', '2025-05-06 10:06:30');
INSERT INTO Incidencia (id, titulo, ubicacion, descripcion, reportante_id, tecnico_id, estado_id, fecha_creacion, fechaiea, fecha_modificacion) VALUES (61, 'Ordenador no enciende', 'Aula 9', 'El disco duro no es detectado.', 2, 15, 4, '2025-05-18 15:50:18', '2025-05-19 11:36:39', '2025-05-20 10:11:41');
INSERT INTO Incidencia (id, titulo, ubicacion, descripcion, reportante_id, tecnico_id, estado_id, fecha_creacion, fechaiea, fecha_modificacion) VALUES (62, 'Error de impresión', 'Aula 13', 'La impresora muestra un error de conexión.', 1, 21, 2, '2025-05-03 15:32:58', '2025-05-05 02:45:38', '2025-05-05 21:07:09');
INSERT INTO Incidencia (id, titulo, ubicacion, descripcion, reportante_id, tecnico_id, estado_id, fecha_creacion, fechaiea, fecha_modificacion) VALUES (63, 'PC con espíritu zen (no hace nada)', 'Aula 8', 'Se reinicia más que mi motivación los lunes.', 1, 15, 1, '2025-05-03 00:45:44', '2025-05-03 21:00:24', '2025-05-03 23:12:28');
INSERT INTO Incidencia (id, titulo, ubicacion, descripcion, reportante_id, tecnico_id, estado_id, fecha_creacion, fechaiea, fecha_modificacion) VALUES (64, 'Sistema operativo corrupto', 'Aula 1', 'Se reinicia continuamente sin cargar Windows.', 9, 14, 3, '2025-05-17 05:20:34', '2025-05-18 15:29:18', '2025-05-19 02:35:03');
INSERT INTO Incidencia (id, titulo, ubicacion, descripcion, reportante_id, tecnico_id, estado_id, fecha_creacion, fechaiea, fecha_modificacion) VALUES (65, 'Fallo en ventilación', 'Aula 5', 'Se siente aire caliente en lugar de frío.', 8, 13, 6, '2025-05-15 23:18:38', '2025-05-16 22:22:42', '2025-05-18 03:28:01');
INSERT INTO Incidencia (id, titulo, ubicacion, descripcion, reportante_id, tecnico_id, estado_id, fecha_creacion, fechaiea, fecha_modificacion) VALUES (66, 'Cámara sin imagen', 'Aula 19', 'La cámara aparece desconectada en el sistema.', 2, 16, 3, '2025-05-13 21:24:07', '2025-05-14 07:46:13', '2025-05-15 13:14:34');
INSERT INTO Incidencia (id, titulo, ubicacion, descripcion, reportante_id, tecnico_id, estado_id, fecha_creacion, fechaiea, fecha_modificacion) VALUES (67, 'Calor excesivo', 'Aula 6', 'Hace mas calor que en la comunion de charmander', 23, 19, 3, '2025-05-04 03:47:47', '2025-05-05 04:17:49', '2025-05-05 19:04:05');
INSERT INTO Incidencia (id, titulo, ubicacion, descripcion, reportante_id, tecnico_id, estado_id, fecha_creacion, fechaiea, fecha_modificacion) VALUES (68, 'Error de impresión', 'Aula 11', 'La impresora muestra un error de conexión.', 3, 19, 2, '2025-05-05 06:46:29', '2025-05-05 08:01:28', '2025-05-06 03:39:23');
INSERT INTO Incidencia (id, titulo, ubicacion, descripcion, reportante_id, tecnico_id, estado_id, fecha_creacion, fechaiea, fecha_modificacion) VALUES (69, 'Error de impresión', 'Aula 7', 'La impresora muestra un error de conexión.', 1, 18, 1, '2025-05-03 17:50:41', '2025-05-04 10:49:29', '2025-05-04 18:34:18');
INSERT INTO Incidencia (id, titulo, ubicacion, descripcion, reportante_id, tecnico_id, estado_id, fecha_creacion, fechaiea, fecha_modificacion) VALUES (70, 'Silla con vida propia', 'Aula 2', 'Se inclina como si quisiera invocar algo.', 12, 5, 5, '2025-05-14 14:04:31', '2025-05-15 15:37:06', '2025-05-17 01:56:10');
INSERT INTO Incidencia (id, titulo, ubicacion, descripcion, reportante_id, tecnico_id, estado_id, fecha_creacion, fechaiea, fecha_modificacion) VALUES (71, 'Más ruido que en un concierto de motoras', 'Aula 12', 'El proyector hace más ruido que una olla express.', 1, 21, 1, '2025-05-12 11:33:13', '2025-05-12 17:17:04', '2025-05-13 08:44:57');
INSERT INTO Incidencia (id, titulo, ubicacion, descripcion, reportante_id, tecnico_id, estado_id, fecha_creacion, fechaiea, fecha_modificacion) VALUES (72, 'Trono de la incomodidad', 'Aula 10', 'Se inclina como si quisiera invocar algo.', 12, 16, 1, '2025-05-01 15:20:43', '2025-05-01 21:33:52', '2025-05-02 03:57:59');
INSERT INTO Incidencia (id, titulo, ubicacion, descripcion, reportante_id, tecnico_id, estado_id, fecha_creacion, fechaiea, fecha_modificacion) VALUES (73, 'Software desactualizado', 'Aula 15', 'La aplicación se cierra inesperadamente.', 3, 5, 5, '2025-05-01 23:19:43', '2025-05-02 09:02:20', '2025-05-03 07:54:58');
INSERT INTO Incidencia (id, titulo, ubicacion, descripcion, reportante_id, tecnico_id, estado_id, fecha_creacion, fechaiea, fecha_modificacion) VALUES (74, 'Tablet bloqueada', 'Aula 5', 'La tablet no enciende, aunque esté cargada.', 3, 16, 3, '2025-05-05 17:00:50', '2025-05-06 11:26:45', '2025-05-06 11:33:52');
INSERT INTO Incidencia (id, titulo, ubicacion, descripcion, reportante_id, tecnico_id, estado_id, fecha_creacion, fechaiea, fecha_modificacion) VALUES (75, 'Fallo de conexión LAN', 'Aula 10', 'El punto de acceso Wi-Fi no aparece disponible.', 4, 14, 2, '2025-05-16 07:03:29', '2025-05-16 23:12:40', '2025-05-18 05:01:54');
INSERT INTO Incidencia (id, titulo, ubicacion, descripcion, reportante_id, tecnico_id, estado_id, fecha_creacion, fechaiea, fecha_modificacion) VALUES (76, 'Audio distorsionado', 'Aula 10', 'No se escucha nada a través de los altavoces.', 8, 17, 5, '2025-05-14 22:18:08', '2025-05-16 02:28:04', '2025-05-17 01:55:48');
INSERT INTO Incidencia (id, titulo, ubicacion, descripcion, reportante_id, tecnico_id, estado_id, fecha_creacion, fechaiea, fecha_modificacion) VALUES (77, 'Fallo de pantalla en tablet', 'Aula 12', 'No se puede acceder al sistema operativo.', 2, 24, 5, '2025-05-13 00:50:04', '2025-05-13 16:36:25', '2025-05-13 17:38:35');
INSERT INTO Incidencia (id, titulo, ubicacion, descripcion, reportante_id, tecnico_id, estado_id, fecha_creacion, fechaiea, fecha_modificacion) VALUES (78, 'Fallo de energía', 'Aula 18', 'El equipo no enciende por falta de energía.', 3, 24, 2, '2025-05-09 03:24:40', '2025-05-10 10:55:57', '2025-05-11 22:09:22');
INSERT INTO Incidencia (id, titulo, ubicacion, descripcion, reportante_id, tecnico_id, estado_id, fecha_creacion, fechaiea, fecha_modificacion) VALUES (79, 'Calor excesivo', 'Aula 17', 'Los ventiladores no funcionan.', 11, 5, 5, '2025-05-08 05:36:36', '2025-05-08 08:32:02', '2025-05-08 15:16:54');
INSERT INTO Incidencia (id, titulo, ubicacion, descripcion, reportante_id, tecnico_id, estado_id, fecha_creacion, fechaiea, fecha_modificacion) VALUES (80, 'Sistema operativo corrupto', 'Aula 9', 'El disco duro no es detectado.', 3, 20, 2, '2025-05-01 20:34:12', '2025-05-02 21:43:41', '2025-05-03 00:36:04');
INSERT INTO Incidencia (id, titulo, ubicacion, descripcion, reportante_id, tecnico_id, estado_id, fecha_creacion, fechaiea, fecha_modificacion) VALUES (81, 'Wi-Fi desconectado', 'Aula 15', 'Interrupciones constantes en la red.', 23, 13, 5, '2025-05-08 12:01:37', '2025-05-09 00:18:18', '2025-05-10 08:12:16');
INSERT INTO Incidencia (id, titulo, ubicacion, descripcion, reportante_id, tecnico_id, estado_id, fecha_creacion, fechaiea, fecha_modificacion) VALUES (82, 'Silla con vida propia', 'Aula 16', 'Más incómoda que banco de parque en agosto.', 3, 18, 5, '2025-05-12 14:12:00', '2025-05-12 16:32:35', '2025-05-12 18:40:19');
INSERT INTO Incidencia (id, titulo, ubicacion, descripcion, reportante_id, tecnico_id, estado_id, fecha_creacion, fechaiea, fecha_modificacion) VALUES (83, 'Conexión Wi-Fi de la Edad de Piedra', 'Aula 6', 'Cargar una web requiere pacto con fuerzas oscuras.', 9, 17, 1, '2025-05-06 17:37:14', '2025-05-07 03:55:10', '2025-05-07 22:03:03');
INSERT INTO Incidencia (id, titulo, ubicacion, descripcion, reportante_id, tecnico_id, estado_id, fecha_creacion, fechaiea, fecha_modificacion) VALUES (84, 'Proyector en modo abstracto', 'Aula 5', 'La pantalla cambia de color como una discoteca.', 23, 20, 3, '2025-05-14 13:02:31', '2025-05-15 13:22:53', '2025-05-15 17:47:05');
INSERT INTO Incidencia (id, titulo, ubicacion, descripcion, reportante_id, tecnico_id, estado_id, fecha_creacion, fechaiea, fecha_modificacion) VALUES (85, 'Fallo en ventilación', 'Aula 19', 'Hace mas calor que en la comunion de charmander', 12, 15, 3, '2025-05-17 07:50:28', '2025-05-17 16:24:41', '2025-05-19 02:59:19');
INSERT INTO Incidencia (id, titulo, ubicacion, descripcion, reportante_id, tecnico_id, estado_id, fecha_creacion, fechaiea, fecha_modificacion) VALUES (86, 'Fallo en ventilación', 'Aula 11', 'El sistema de ventilación hace ruidos extraños.', 11, 13, 5, '2025-05-01 00:48:46', '2025-05-02 10:23:31', '2025-05-02 12:53:06');
INSERT INTO Incidencia (id, titulo, ubicacion, descripcion, reportante_id, tecnico_id, estado_id, fecha_creacion, fechaiea, fecha_modificacion) VALUES (87, 'Frío excesivo', 'Aula 20', 'Lleva todo el dia el aire puesto, me estoy muriendo', 3, 17, 4, '2025-05-16 01:20:07', '2025-05-16 18:30:49', '2025-05-17 09:13:35');
INSERT INTO Incidencia (id, titulo, ubicacion, descripcion, reportante_id, tecnico_id, estado_id, fecha_creacion, fechaiea, fecha_modificacion) VALUES (88, 'Proyector fundido', 'Aula 13', 'El proyector no responde al encenderlo.', 7, 18, 5, '2025-05-09 10:55:30', '2025-05-09 17:18:30', '2025-05-10 21:26:45');
INSERT INTO Incidencia (id, titulo, ubicacion, descripcion, reportante_id, tecnico_id, estado_id, fecha_creacion, fechaiea, fecha_modificacion) VALUES (89, 'Red más lenta que un caracol cojo', 'Aula 7', 'El icono de carga se ha convertido en decoración permanente.', 10, 17, 1, '2025-05-09 05:37:57', '2025-05-09 23:21:00', '2025-05-11 05:03:06');
INSERT INTO Incidencia (id, titulo, ubicacion, descripcion, reportante_id, tecnico_id, estado_id, fecha_creacion, fechaiea, fecha_modificacion) VALUES (90, 'Tablet bloqueada', 'Aula 5', 'La batería de la tablet se agota rápidamente.', 8, 24, 5, '2025-05-09 03:05:35', '2025-05-09 04:45:48', '2025-05-09 14:12:09');
INSERT INTO Incidencia (id, titulo, ubicacion, descripcion, reportante_id, tecnico_id, estado_id, fecha_creacion, fechaiea, fecha_modificacion) VALUES (91, 'Fallo de audio', 'Aula 16', 'Los altavoces emiten zumbidos o interferencias.', 3, 18, 4, '2025-05-06 12:56:51', '2025-05-06 18:55:29', '2025-05-07 23:04:20');
INSERT INTO Incidencia (id, titulo, ubicacion, descripcion, reportante_id, tecnico_id, estado_id, fecha_creacion, fechaiea, fecha_modificacion) VALUES (92, 'Fallo en cámara de seguridad', 'Aula 16', 'No hay señal desde la cámara de seguridad.', 12, 14, 3, '2025-05-11 02:31:03', '2025-05-11 03:40:54', '2025-05-11 21:53:02');
INSERT INTO Incidencia (id, titulo, ubicacion, descripcion, reportante_id, tecnico_id, estado_id, fecha_creacion, fechaiea, fecha_modificacion) VALUES (93, 'Fallo en ventilación', 'Aula 9', 'Se siente aire caliente en lugar de frío.', 11, 14, 2, '2025-05-08 16:07:56', '2025-05-08 17:28:53', '2025-05-09 06:43:36');
INSERT INTO Incidencia (id, titulo, ubicacion, descripcion, reportante_id, tecnico_id, estado_id, fecha_creacion, fechaiea, fecha_modificacion) VALUES (94, 'Software desactualizado', 'Aula 5', 'La aplicación se cierra inesperadamente.', 1, 5, 5, '2025-05-09 21:29:52', '2025-05-10 00:39:40', '2025-05-10 23:25:13');
INSERT INTO Incidencia (id, titulo, ubicacion, descripcion, reportante_id, tecnico_id, estado_id, fecha_creacion, fechaiea, fecha_modificacion) VALUES (95, 'Fallo en ventilación', 'Aula 20', 'El aula está demasiado caliente.', 2, 15, 4, '2025-05-04 05:19:47', '2025-05-05 08:54:05', '2025-05-06 14:51:18');
INSERT INTO Incidencia (id, titulo, ubicacion, descripcion, reportante_id, tecnico_id, estado_id, fecha_creacion, fechaiea, fecha_modificacion) VALUES (96, 'Ordenador no enciende', 'Aula 1', 'Se reinicia continuamente sin cargar Windows.', 1, 15, 1, '2025-05-15 13:11:05', '2025-05-16 20:29:14', '2025-05-18 04:41:45');
INSERT INTO Incidencia (id, titulo, ubicacion, descripcion, reportante_id, tecnico_id, estado_id, fecha_creacion, fechaiea, fecha_modificacion) VALUES (97, 'Teclas no funcionan', 'Aula 14', 'Las teclas responden con retraso.', 9, 16, 6, '2025-05-18 03:19:52', '2025-05-18 07:02:06', '2025-05-18 23:42:07');
INSERT INTO Incidencia (id, titulo, ubicacion, descripcion, reportante_id, tecnico_id, estado_id, fecha_creacion, fechaiea, fecha_modificacion) VALUES (98, 'Impresora desconectada', 'Aula 6', 'La impresora muestra un error de conexión.', 7, 24, 5, '2025-05-14 02:53:12', '2025-05-14 18:50:40', '2025-05-15 07:13:15');
INSERT INTO Incidencia (id, titulo, ubicacion, descripcion, reportante_id, tecnico_id, estado_id, fecha_creacion, fechaiea, fecha_modificacion) VALUES (99, 'Cortocircuito', 'Aula 3', 'La corriente eléctrica se corta intermitentemente.', 11, 16, 2, '2025-05-09 00:17:49', '2025-05-09 17:51:50', '2025-05-10 05:25:02');
INSERT INTO Incidencia (id, titulo, ubicacion, descripcion, reportante_id, tecnico_id, estado_id, fecha_creacion, fechaiea, fecha_modificacion) VALUES (100, 'Problemas de red', 'Aula 9', 'Los dispositivos no logran conectarse a la red Wi-Fi.', 3, 14, 6, '2025-05-13 05:59:35', '2025-05-13 14:24:13', '2025-05-14 01:52:05');
INSERT INTO Incidencia (id, titulo, ubicacion, descripcion, reportante_id, tecnico_id, estado_id, fecha_creacion, fechaiea, fecha_modificacion) VALUES (101, 'Wi-Fi desconectado', 'Aula 7', 'Interrupciones constantes en la red.', 12, 13, 4, '2025-05-03 00:42:49', '2025-05-04 11:19:22', '2025-05-05 10:48:18');
INSERT INTO Incidencia (id, titulo, ubicacion, descripcion, reportante_id, tecnico_id, estado_id, fecha_creacion, fechaiea, fecha_modificacion) VALUES (102, 'Calor excesivo', 'Aula 19', 'El sistema de ventilación hace ruidos extraños.', 23, 16, 1, '2025-05-14 09:44:54', '2025-05-14 21:13:42', '2025-05-16 00:26:19');
INSERT INTO Incidencia (id, titulo, ubicacion, descripcion, reportante_id, tecnico_id, estado_id, fecha_creacion, fechaiea, fecha_modificacion) VALUES (103, 'Fallo en cámara de seguridad', 'Aula 6', 'La imagen de la cámara se ve borrosa o congelada.', 4, 17, 3, '2025-05-01 05:49:52', '2025-05-01 16:44:31', '2025-05-01 20:44:59');
INSERT INTO Incidencia (id, titulo, ubicacion, descripcion, reportante_id, tecnico_id, estado_id, fecha_creacion, fechaiea, fecha_modificacion) VALUES (104, 'Sistema operativo corrupto', 'Aula 14', 'El disco duro no es detectado.', 12, 19, 5, '2025-05-04 23:07:15', '2025-05-05 16:15:07', '2025-05-06 18:14:10');
INSERT INTO Incidencia (id, titulo, ubicacion, descripcion, reportante_id, tecnico_id, estado_id, fecha_creacion, fechaiea, fecha_modificacion) VALUES (105, 'Teclado roto', 'Aula 14', 'Teclas pulsadas producen caracteres incorrectos.', 11, 21, 6, '2025-05-02 17:42:09', '2025-05-03 20:32:58', '2025-05-04 01:39:01');
INSERT INTO Incidencia (id, titulo, ubicacion, descripcion, reportante_id, tecnico_id, estado_id, fecha_creacion, fechaiea, fecha_modificacion) VALUES (106, 'Audio distorsionado', 'Aula 20', 'El volumen es extremadamente bajo incluso al máximo.', 2, 16, 6, '2025-05-08 20:25:47', '2025-05-10 11:18:56', '2025-05-12 00:31:53');
INSERT INTO Incidencia (id, titulo, ubicacion, descripcion, reportante_id, tecnico_id, estado_id, fecha_creacion, fechaiea, fecha_modificacion) VALUES (107, 'Cámara sin imagen', 'Aula 9', 'La cámara aparece desconectada en el sistema.', 8, 13, 4, '2025-05-03 21:13:09', '2025-05-04 06:25:36', '2025-05-04 12:30:16');
INSERT INTO Incidencia (id, titulo, ubicacion, descripcion, reportante_id, tecnico_id, estado_id, fecha_creacion, fechaiea, fecha_modificacion) VALUES (108, 'Colores estilo Windows 95', 'Aula 8', 'Se ve como si Gollum hubiese ajustado el brillo y contraste.', 9, 20, 4, '2025-05-12 17:03:23', '2025-05-13 19:12:00', '2025-05-14 20:03:56');
INSERT INTO Incidencia (id, titulo, ubicacion, descripcion, reportante_id, tecnico_id, estado_id, fecha_creacion, fechaiea, fecha_modificacion) VALUES (109, 'Asiento de tortura medieval', 'Aula 11', 'Se inclina como si quisiera invocar algo.', 23, 21, 3, '2025-05-16 04:20:34', '2025-05-17 14:52:23', '2025-05-18 12:29:20');
ALTER TABLE Incidencia ALTER COLUMN id RESTART WITH 110;
INSERT INTO historial_estados (incidencia_id, estado_inicial_id, estado_actual_id, fecha_comienzo, fecha_final) VALUES (0, 5, 6, '2025-05-15 03:31:56', '2025-05-17 08:37:41');
INSERT INTO historial_estados (incidencia_id, estado_inicial_id, estado_actual_id, fecha_comienzo, fecha_final) VALUES (1, 5, 2, '2025-05-11 13:08:29', '2025-05-13 08:03:01');
INSERT INTO historial_estados (incidencia_id, estado_inicial_id, estado_actual_id, fecha_comienzo, fecha_final) VALUES (NULL, 5, 2, '2025-05-01 19:36:26', '2025-05-01 20:53:26');
INSERT INTO historial_estados (incidencia_id, estado_inicial_id, estado_actual_id, fecha_comienzo, fecha_final) VALUES (NULL, 2, 1, '2025-05-01 20:53:26', '2025-05-02 07:41:26');
INSERT INTO historial_estados (incidencia_id, estado_inicial_id, estado_actual_id, fecha_comienzo, fecha_final) VALUES (3, 1, 3, '2025-05-02 07:41:26', '2025-05-04 05:43:19');
INSERT INTO historial_estados (incidencia_id, estado_inicial_id, estado_actual_id, fecha_comienzo, fecha_final) VALUES (NULL, 5, 3, '2025-05-14 16:01:59', '2025-05-15 05:19:59');
INSERT INTO historial_estados (incidencia_id, estado_inicial_id, estado_actual_id, fecha_comienzo, fecha_final) VALUES (NULL, 3, 2, '2025-05-15 05:19:59', '2025-05-15 07:41:59');
INSERT INTO historial_estados (incidencia_id, estado_inicial_id, estado_actual_id, fecha_comienzo, fecha_final) VALUES (4, 2, 1, '2025-05-15 07:41:59', '2025-05-15 10:00:45');
INSERT INTO historial_estados (incidencia_id, estado_inicial_id, estado_actual_id, fecha_comienzo, fecha_final) VALUES (NULL, 5, 6, '2025-05-08 06:21:56', '2025-05-08 12:34:56');
INSERT INTO historial_estados (incidencia_id, estado_inicial_id, estado_actual_id, fecha_comienzo, fecha_final) VALUES (9, 6, 5, '2025-05-08 12:34:56', '2025-05-10 09:33:56');
INSERT INTO historial_estados (incidencia_id, estado_inicial_id, estado_actual_id, fecha_comienzo, fecha_final) VALUES (NULL, 5, 6, '2025-05-13 11:03:25', '2025-05-13 23:07:25');
INSERT INTO historial_estados (incidencia_id, estado_inicial_id, estado_actual_id, fecha_comienzo, fecha_final) VALUES (10, 6, 5, '2025-05-13 23:07:25', '2025-05-14 18:22:19');
INSERT INTO historial_estados (incidencia_id, estado_inicial_id, estado_actual_id, fecha_comienzo, fecha_final) VALUES (NULL, 5, 2, '2025-05-16 21:09:34', '2025-05-17 04:52:34');
INSERT INTO historial_estados (incidencia_id, estado_inicial_id, estado_actual_id, fecha_comienzo, fecha_final) VALUES (11, 2, 3, '2025-05-17 04:52:34', '2025-05-18 02:04:46');
INSERT INTO historial_estados (incidencia_id, estado_inicial_id, estado_actual_id, fecha_comienzo, fecha_final) VALUES (12, 5, 5, '2025-05-11 12:55:16', '2025-05-13 03:05:46');
INSERT INTO historial_estados (incidencia_id, estado_inicial_id, estado_actual_id, fecha_comienzo, fecha_final) VALUES (13, 5, 2, '2025-05-18 02:18:49', '2025-05-20 03:57:52');
INSERT INTO historial_estados (incidencia_id, estado_inicial_id, estado_actual_id, fecha_comienzo, fecha_final) VALUES (NULL, 5, 6, '2025-05-14 17:50:50', '2025-05-15 09:51:50');
INSERT INTO historial_estados (incidencia_id, estado_inicial_id, estado_actual_id, fecha_comienzo, fecha_final) VALUES (NULL, 6, 5, '2025-05-15 09:51:50', '2025-05-16 00:32:50');
INSERT INTO historial_estados (incidencia_id, estado_inicial_id, estado_actual_id, fecha_comienzo, fecha_final) VALUES (14, 5, 5, '2025-05-16 00:32:50', '2025-05-16 20:10:00');
INSERT INTO historial_estados (incidencia_id, estado_inicial_id, estado_actual_id, fecha_comienzo, fecha_final) VALUES (15, 5, 1, '2025-05-14 09:32:52', '2025-05-16 01:30:26');
INSERT INTO historial_estados (incidencia_id, estado_inicial_id, estado_actual_id, fecha_comienzo, fecha_final) VALUES (NULL, 5, 2, '2025-05-16 12:01:30', '2025-05-16 13:55:30');
INSERT INTO historial_estados (incidencia_id, estado_inicial_id, estado_actual_id, fecha_comienzo, fecha_final) VALUES (16, 2, 3, '2025-05-16 13:55:30', '2025-05-16 18:26:43');
INSERT INTO historial_estados (incidencia_id, estado_inicial_id, estado_actual_id, fecha_comienzo, fecha_final) VALUES (17, 5, 5, '2025-05-01 20:28:55', '2025-05-03 05:11:25');
INSERT INTO historial_estados (incidencia_id, estado_inicial_id, estado_actual_id, fecha_comienzo, fecha_final) VALUES (NULL, 5, 1, '2025-05-02 12:17:17', '2025-05-03 02:10:17');
INSERT INTO historial_estados (incidencia_id, estado_inicial_id, estado_actual_id, fecha_comienzo, fecha_final) VALUES (NULL, 1, 6, '2025-05-03 02:10:17', '2025-05-03 13:35:17');
INSERT INTO historial_estados (incidencia_id, estado_inicial_id, estado_actual_id, fecha_comienzo, fecha_final) VALUES (18, 6, 5, '2025-05-03 13:35:17', '2025-05-04 00:08:29');
INSERT INTO historial_estados (incidencia_id, estado_inicial_id, estado_actual_id, fecha_comienzo, fecha_final) VALUES (19, 5, 5, '2025-05-13 04:35:23', '2025-05-15 08:27:50');
INSERT INTO historial_estados (incidencia_id, estado_inicial_id, estado_actual_id, fecha_comienzo, fecha_final) VALUES (NULL, 5, 1, '2025-05-15 14:13:08', '2025-05-15 18:56:08');
INSERT INTO historial_estados (incidencia_id, estado_inicial_id, estado_actual_id, fecha_comienzo, fecha_final) VALUES (20, 1, 6, '2025-05-15 18:56:08', '2025-05-17 15:07:12');
INSERT INTO historial_estados (incidencia_id, estado_inicial_id, estado_actual_id, fecha_comienzo, fecha_final) VALUES (NULL, 5, 6, '2025-05-08 15:07:45', '2025-05-09 03:58:45');
INSERT INTO historial_estados (incidencia_id, estado_inicial_id, estado_actual_id, fecha_comienzo, fecha_final) VALUES (NULL, 6, 4, '2025-05-09 03:58:45', '2025-05-09 12:50:45');
INSERT INTO historial_estados (incidencia_id, estado_inicial_id, estado_actual_id, fecha_comienzo, fecha_final) VALUES (23, 4, 6, '2025-05-09 12:50:45', '2025-05-10 08:24:48');
INSERT INTO historial_estados (incidencia_id, estado_inicial_id, estado_actual_id, fecha_comienzo, fecha_final) VALUES (24, 5, 6, '2025-05-07 05:05:06', '2025-05-09 07:20:11');
INSERT INTO historial_estados (incidencia_id, estado_inicial_id, estado_actual_id, fecha_comienzo, fecha_final) VALUES (NULL, 5, 1, '2025-05-14 05:54:59', '2025-05-15 00:29:59');
INSERT INTO historial_estados (incidencia_id, estado_inicial_id, estado_actual_id, fecha_comienzo, fecha_final) VALUES (NULL, 1, 2, '2025-05-15 00:29:59', '2025-05-15 05:46:59');
INSERT INTO historial_estados (incidencia_id, estado_inicial_id, estado_actual_id, fecha_comienzo, fecha_final) VALUES (26, 2, 5, '2025-05-15 05:46:59', '2025-05-15 11:22:21');
INSERT INTO historial_estados (incidencia_id, estado_inicial_id, estado_actual_id, fecha_comienzo, fecha_final) VALUES (27, 5, 6, '2025-05-10 06:32:12', '2025-05-11 16:39:31');
INSERT INTO historial_estados (incidencia_id, estado_inicial_id, estado_actual_id, fecha_comienzo, fecha_final) VALUES (NULL, 5, 3, '2025-05-08 16:01:22', '2025-05-09 01:33:22');
INSERT INTO historial_estados (incidencia_id, estado_inicial_id, estado_actual_id, fecha_comienzo, fecha_final) VALUES (28, 3, 4, '2025-05-09 01:33:22', '2025-05-10 10:34:25');
INSERT INTO historial_estados (incidencia_id, estado_inicial_id, estado_actual_id, fecha_comienzo, fecha_final) VALUES (NULL, 5, 6, '2025-05-06 16:14:20', '2025-05-07 14:07:20');
INSERT INTO historial_estados (incidencia_id, estado_inicial_id, estado_actual_id, fecha_comienzo, fecha_final) VALUES (29, 6, 4, '2025-05-07 14:07:20', '2025-05-08 14:37:34');
INSERT INTO historial_estados (incidencia_id, estado_inicial_id, estado_actual_id, fecha_comienzo, fecha_final) VALUES (30, 5, 5, '2025-05-10 14:50:42', '2025-05-11 14:28:43');
INSERT INTO historial_estados (incidencia_id, estado_inicial_id, estado_actual_id, fecha_comienzo, fecha_final) VALUES (NULL, 5, 1, '2025-05-11 01:57:39', '2025-05-12 02:47:39');
INSERT INTO historial_estados (incidencia_id, estado_inicial_id, estado_actual_id, fecha_comienzo, fecha_final) VALUES (NULL, 1, 4, '2025-05-12 02:47:39', '2025-05-12 07:24:39');
INSERT INTO historial_estados (incidencia_id, estado_inicial_id, estado_actual_id, fecha_comienzo, fecha_final) VALUES (32, 4, 3, '2025-05-12 07:24:39', '2025-05-14 02:59:52');
INSERT INTO historial_estados (incidencia_id, estado_inicial_id, estado_actual_id, fecha_comienzo, fecha_final) VALUES (33, 5, 6, '2025-05-02 00:41:32', '2025-05-02 15:27:35');
INSERT INTO historial_estados (incidencia_id, estado_inicial_id, estado_actual_id, fecha_comienzo, fecha_final) VALUES (35, 5, 6, '2025-05-16 11:12:22', '2025-05-18 04:48:37');
INSERT INTO historial_estados (incidencia_id, estado_inicial_id, estado_actual_id, fecha_comienzo, fecha_final) VALUES (36, 5, 5, '2025-05-07 08:55:30', '2025-05-08 23:40:35');
INSERT INTO historial_estados (incidencia_id, estado_inicial_id, estado_actual_id, fecha_comienzo, fecha_final) VALUES (NULL, 5, 4, '2025-05-05 05:41:39', '2025-05-06 05:15:39');
INSERT INTO historial_estados (incidencia_id, estado_inicial_id, estado_actual_id, fecha_comienzo, fecha_final) VALUES (37, 4, 6, '2025-05-06 05:15:39', '2025-05-07 00:14:05');
INSERT INTO historial_estados (incidencia_id, estado_inicial_id, estado_actual_id, fecha_comienzo, fecha_final) VALUES (NULL, 5, 6, '2025-05-13 13:34:48', '2025-05-14 11:22:48');
INSERT INTO historial_estados (incidencia_id, estado_inicial_id, estado_actual_id, fecha_comienzo, fecha_final) VALUES (NULL, 6, 1, '2025-05-14 11:22:48', '2025-05-15 02:24:48');
INSERT INTO historial_estados (incidencia_id, estado_inicial_id, estado_actual_id, fecha_comienzo, fecha_final) VALUES (38, 1, 5, '2025-05-15 02:24:48', '2025-05-15 07:25:27');
INSERT INTO historial_estados (incidencia_id, estado_inicial_id, estado_actual_id, fecha_comienzo, fecha_final) VALUES (NULL, 5, 3, '2025-05-13 15:38:19', '2025-05-13 22:03:19');
INSERT INTO historial_estados (incidencia_id, estado_inicial_id, estado_actual_id, fecha_comienzo, fecha_final) VALUES (39, 3, 3, '2025-05-13 22:03:19', '2025-05-15 21:14:38');
INSERT INTO historial_estados (incidencia_id, estado_inicial_id, estado_actual_id, fecha_comienzo, fecha_final) VALUES (40, 5, 6, '2025-05-13 14:54:16', '2025-05-15 11:17:41');
INSERT INTO historial_estados (incidencia_id, estado_inicial_id, estado_actual_id, fecha_comienzo, fecha_final) VALUES (NULL, 5, 2, '2025-05-14 16:53:43', '2025-05-15 07:18:43');
INSERT INTO historial_estados (incidencia_id, estado_inicial_id, estado_actual_id, fecha_comienzo, fecha_final) VALUES (NULL, 2, 5, '2025-05-15 07:18:43', '2025-05-15 10:41:43');
INSERT INTO historial_estados (incidencia_id, estado_inicial_id, estado_actual_id, fecha_comienzo, fecha_final) VALUES (44, 5, 6, '2025-05-15 10:41:43', '2025-05-15 19:34:43');
INSERT INTO historial_estados (incidencia_id, estado_inicial_id, estado_actual_id, fecha_comienzo, fecha_final) VALUES (45, 5, 4, '2025-05-03 10:06:49', '2025-05-05 09:58:17');
INSERT INTO historial_estados (incidencia_id, estado_inicial_id, estado_actual_id, fecha_comienzo, fecha_final) VALUES (NULL, 5, 4, '2025-05-12 01:45:42', '2025-05-12 09:55:42');
INSERT INTO historial_estados (incidencia_id, estado_inicial_id, estado_actual_id, fecha_comienzo, fecha_final) VALUES (NULL, 4, 5, '2025-05-12 09:55:42', '2025-05-12 13:06:42');
INSERT INTO historial_estados (incidencia_id, estado_inicial_id, estado_actual_id, fecha_comienzo, fecha_final) VALUES (48, 5, 2, '2025-05-12 13:06:42', '2025-05-13 10:02:33');
INSERT INTO historial_estados (incidencia_id, estado_inicial_id, estado_actual_id, fecha_comienzo, fecha_final) VALUES (NULL, 5, 3, '2025-05-01 01:06:53', '2025-05-01 22:51:53');
INSERT INTO historial_estados (incidencia_id, estado_inicial_id, estado_actual_id, fecha_comienzo, fecha_final) VALUES (49, 3, 5, '2025-05-01 22:51:53', '2025-05-02 06:58:12');
INSERT INTO historial_estados (incidencia_id, estado_inicial_id, estado_actual_id, fecha_comienzo, fecha_final) VALUES (50, 5, 6, '2025-05-02 12:29:36', '2025-05-03 12:18:13');
INSERT INTO historial_estados (incidencia_id, estado_inicial_id, estado_actual_id, fecha_comienzo, fecha_final) VALUES (NULL, 5, 1, '2025-05-02 19:43:21', '2025-05-03 08:47:21');
INSERT INTO historial_estados (incidencia_id, estado_inicial_id, estado_actual_id, fecha_comienzo, fecha_final) VALUES (NULL, 1, 5, '2025-05-03 08:47:21', '2025-05-03 10:23:21');
INSERT INTO historial_estados (incidencia_id, estado_inicial_id, estado_actual_id, fecha_comienzo, fecha_final) VALUES (51, 5, 5, '2025-05-03 10:23:21', '2025-05-03 20:05:11');
INSERT INTO historial_estados (incidencia_id, estado_inicial_id, estado_actual_id, fecha_comienzo, fecha_final) VALUES (NULL, 5, 1, '2025-05-09 01:09:14', '2025-05-09 10:50:14');
INSERT INTO historial_estados (incidencia_id, estado_inicial_id, estado_actual_id, fecha_comienzo, fecha_final) VALUES (NULL, 1, 3, '2025-05-09 10:50:14', '2025-05-10 01:24:14');
INSERT INTO historial_estados (incidencia_id, estado_inicial_id, estado_actual_id, fecha_comienzo, fecha_final) VALUES (53, 3, 6, '2025-05-10 01:24:14', '2025-05-10 16:00:50');
INSERT INTO historial_estados (incidencia_id, estado_inicial_id, estado_actual_id, fecha_comienzo, fecha_final) VALUES (55, 5, 4, '2025-05-12 11:29:09', '2025-05-12 22:12:54');
INSERT INTO historial_estados (incidencia_id, estado_inicial_id, estado_actual_id, fecha_comienzo, fecha_final) VALUES (NULL, 5, 2, '2025-05-17 00:40:34', '2025-05-17 03:33:34');
INSERT INTO historial_estados (incidencia_id, estado_inicial_id, estado_actual_id, fecha_comienzo, fecha_final) VALUES (NULL, 2, 6, '2025-05-17 03:33:34', '2025-05-18 03:20:34');
INSERT INTO historial_estados (incidencia_id, estado_inicial_id, estado_actual_id, fecha_comienzo, fecha_final) VALUES (56, 6, 2, '2025-05-18 03:20:34', '2025-05-18 21:07:46');
INSERT INTO historial_estados (incidencia_id, estado_inicial_id, estado_actual_id, fecha_comienzo, fecha_final) VALUES (NULL, 5, 4, '2025-05-01 01:05:46', '2025-05-02 00:34:46');
INSERT INTO historial_estados (incidencia_id, estado_inicial_id, estado_actual_id, fecha_comienzo, fecha_final) VALUES (NULL, 4, 1, '2025-05-02 00:34:46', '2025-05-02 20:18:46');
INSERT INTO historial_estados (incidencia_id, estado_inicial_id, estado_actual_id, fecha_comienzo, fecha_final) VALUES (57, 1, 6, '2025-05-02 20:18:46', '2025-05-03 21:54:27');
INSERT INTO historial_estados (incidencia_id, estado_inicial_id, estado_actual_id, fecha_comienzo, fecha_final) VALUES (NULL, 5, 1, '2025-05-16 03:53:35', '2025-05-17 02:33:35');
INSERT INTO historial_estados (incidencia_id, estado_inicial_id, estado_actual_id, fecha_comienzo, fecha_final) VALUES (58, 1, 6, '2025-05-17 02:33:35', '2025-05-18 20:36:07');
INSERT INTO historial_estados (incidencia_id, estado_inicial_id, estado_actual_id, fecha_comienzo, fecha_final) VALUES (59, 5, 1, '2025-05-09 22:33:12', '2025-05-10 20:25:47');
INSERT INTO historial_estados (incidencia_id, estado_inicial_id, estado_actual_id, fecha_comienzo, fecha_final) VALUES (NULL, 5, 4, '2025-05-04 20:11:27', '2025-05-05 05:10:27');
INSERT INTO historial_estados (incidencia_id, estado_inicial_id, estado_actual_id, fecha_comienzo, fecha_final) VALUES (60, 4, 5, '2025-05-05 05:10:27', '2025-05-06 10:06:30');
INSERT INTO historial_estados (incidencia_id, estado_inicial_id, estado_actual_id, fecha_comienzo, fecha_final) VALUES (NULL, 5, 1, '2025-05-18 15:50:18', '2025-05-19 01:29:18');
INSERT INTO historial_estados (incidencia_id, estado_inicial_id, estado_actual_id, fecha_comienzo, fecha_final) VALUES (61, 1, 4, '2025-05-19 01:29:18', '2025-05-20 10:11:41');
INSERT INTO historial_estados (incidencia_id, estado_inicial_id, estado_actual_id, fecha_comienzo, fecha_final) VALUES (62, 5, 2, '2025-05-03 15:32:58', '2025-05-05 21:07:09');
INSERT INTO historial_estados (incidencia_id, estado_inicial_id, estado_actual_id, fecha_comienzo, fecha_final) VALUES (63, 5, 1, '2025-05-03 00:45:44', '2025-05-03 23:12:28');
INSERT INTO historial_estados (incidencia_id, estado_inicial_id, estado_actual_id, fecha_comienzo, fecha_final) VALUES (64, 5, 3, '2025-05-17 05:20:34', '2025-05-19 02:35:03');
INSERT INTO historial_estados (incidencia_id, estado_inicial_id, estado_actual_id, fecha_comienzo, fecha_final) VALUES (NULL, 5, 3, '2025-05-15 23:18:38', '2025-05-16 08:20:38');
INSERT INTO historial_estados (incidencia_id, estado_inicial_id, estado_actual_id, fecha_comienzo, fecha_final) VALUES (NULL, 3, 4, '2025-05-16 08:20:38', '2025-05-16 10:50:38');
INSERT INTO historial_estados (incidencia_id, estado_inicial_id, estado_actual_id, fecha_comienzo, fecha_final) VALUES (65, 4, 6, '2025-05-16 10:50:38', '2025-05-18 03:28:01');
INSERT INTO historial_estados (incidencia_id, estado_inicial_id, estado_actual_id, fecha_comienzo, fecha_final) VALUES (NULL, 5, 1, '2025-05-13 21:24:07', '2025-05-14 14:43:07');
INSERT INTO historial_estados (incidencia_id, estado_inicial_id, estado_actual_id, fecha_comienzo, fecha_final) VALUES (66, 1, 3, '2025-05-14 14:43:07', '2025-05-15 13:14:34');
INSERT INTO historial_estados (incidencia_id, estado_inicial_id, estado_actual_id, fecha_comienzo, fecha_final) VALUES (NULL, 5, 2, '2025-05-04 03:47:47', '2025-05-04 15:16:47');
INSERT INTO historial_estados (incidencia_id, estado_inicial_id, estado_actual_id, fecha_comienzo, fecha_final) VALUES (NULL, 2, 4, '2025-05-04 15:16:47', '2025-05-04 22:56:47');
INSERT INTO historial_estados (incidencia_id, estado_inicial_id, estado_actual_id, fecha_comienzo, fecha_final) VALUES (67, 4, 3, '2025-05-04 22:56:47', '2025-05-05 19:04:05');
INSERT INTO historial_estados (incidencia_id, estado_inicial_id, estado_actual_id, fecha_comienzo, fecha_final) VALUES (68, 5, 2, '2025-05-05 06:46:29', '2025-05-06 03:39:23');
INSERT INTO historial_estados (incidencia_id, estado_inicial_id, estado_actual_id, fecha_comienzo, fecha_final) VALUES (NULL, 5, 4, '2025-05-14 14:04:31', '2025-05-14 21:59:31');
INSERT INTO historial_estados (incidencia_id, estado_inicial_id, estado_actual_id, fecha_comienzo, fecha_final) VALUES (NULL, 4, 6, '2025-05-14 21:59:31', '2025-05-15 13:04:31');
INSERT INTO historial_estados (incidencia_id, estado_inicial_id, estado_actual_id, fecha_comienzo, fecha_final) VALUES (70, 6, 5, '2025-05-15 13:04:31', '2025-05-17 01:56:10');
INSERT INTO historial_estados (incidencia_id, estado_inicial_id, estado_actual_id, fecha_comienzo, fecha_final) VALUES (72, 5, 1, '2025-05-01 15:20:43', '2025-05-02 03:57:59');
INSERT INTO historial_estados (incidencia_id, estado_inicial_id, estado_actual_id, fecha_comienzo, fecha_final) VALUES (NULL, 5, 1, '2025-05-01 23:19:43', '2025-05-02 14:37:43');
INSERT INTO historial_estados (incidencia_id, estado_inicial_id, estado_actual_id, fecha_comienzo, fecha_final) VALUES (NULL, 1, 3, '2025-05-02 14:37:43', '2025-05-02 16:34:43');
INSERT INTO historial_estados (incidencia_id, estado_inicial_id, estado_actual_id, fecha_comienzo, fecha_final) VALUES (73, 3, 5, '2025-05-02 16:34:43', '2025-05-03 07:54:58');
INSERT INTO historial_estados (incidencia_id, estado_inicial_id, estado_actual_id, fecha_comienzo, fecha_final) VALUES (74, 5, 3, '2025-05-05 17:00:50', '2025-05-06 11:33:52');
INSERT INTO historial_estados (incidencia_id, estado_inicial_id, estado_actual_id, fecha_comienzo, fecha_final) VALUES (NULL, 5, 3, '2025-05-16 07:03:29', '2025-05-16 08:11:29');
INSERT INTO historial_estados (incidencia_id, estado_inicial_id, estado_actual_id, fecha_comienzo, fecha_final) VALUES (NULL, 3, 4, '2025-05-16 08:11:29', '2025-05-17 03:58:29');
INSERT INTO historial_estados (incidencia_id, estado_inicial_id, estado_actual_id, fecha_comienzo, fecha_final) VALUES (75, 4, 2, '2025-05-17 03:58:29', '2025-05-18 05:01:54');
INSERT INTO historial_estados (incidencia_id, estado_inicial_id, estado_actual_id, fecha_comienzo, fecha_final) VALUES (NULL, 5, 1, '2025-05-14 22:18:08', '2025-05-15 01:20:08');
INSERT INTO historial_estados (incidencia_id, estado_inicial_id, estado_actual_id, fecha_comienzo, fecha_final) VALUES (NULL, 1, 3, '2025-05-15 01:20:08', '2025-05-15 17:34:08');
INSERT INTO historial_estados (incidencia_id, estado_inicial_id, estado_actual_id, fecha_comienzo, fecha_final) VALUES (76, 3, 5, '2025-05-15 17:34:08', '2025-05-17 01:55:48');
INSERT INTO historial_estados (incidencia_id, estado_inicial_id, estado_actual_id, fecha_comienzo, fecha_final) VALUES (78, 5, 2, '2025-05-09 03:24:40', '2025-05-11 22:09:22');
INSERT INTO historial_estados (incidencia_id, estado_inicial_id, estado_actual_id, fecha_comienzo, fecha_final) VALUES (79, 5, 5, '2025-05-08 05:36:36', '2025-05-08 15:16:54');
INSERT INTO historial_estados (incidencia_id, estado_inicial_id, estado_actual_id, fecha_comienzo, fecha_final) VALUES (80, 5, 2, '2025-05-01 20:34:12', '2025-05-03 00:36:04');
INSERT INTO historial_estados (incidencia_id, estado_inicial_id, estado_actual_id, fecha_comienzo, fecha_final) VALUES (NULL, 5, 2, '2025-05-08 12:01:37', '2025-05-09 11:35:37');
INSERT INTO historial_estados (incidencia_id, estado_inicial_id, estado_actual_id, fecha_comienzo, fecha_final) VALUES (81, 2, 5, '2025-05-09 11:35:37', '2025-05-10 08:12:16');
INSERT INTO historial_estados (incidencia_id, estado_inicial_id, estado_actual_id, fecha_comienzo, fecha_final) VALUES (NULL, 5, 1, '2025-05-12 14:12:00', '2025-05-12 17:46:00');
INSERT INTO historial_estados (incidencia_id, estado_inicial_id, estado_actual_id, fecha_comienzo, fecha_final) VALUES (82, 1, 5, '2025-05-12 17:46:00', '2025-05-12 18:40:19');
INSERT INTO historial_estados (incidencia_id, estado_inicial_id, estado_actual_id, fecha_comienzo, fecha_final) VALUES (83, 5, 1, '2025-05-06 17:37:14', '2025-05-07 22:03:03');
INSERT INTO historial_estados (incidencia_id, estado_inicial_id, estado_actual_id, fecha_comienzo, fecha_final) VALUES (NULL, 5, 3, '2025-05-14 13:02:31', '2025-05-14 23:34:31');
INSERT INTO historial_estados (incidencia_id, estado_inicial_id, estado_actual_id, fecha_comienzo, fecha_final) VALUES (84, 3, 3, '2025-05-14 23:34:31', '2025-05-15 17:47:05');
INSERT INTO historial_estados (incidencia_id, estado_inicial_id, estado_actual_id, fecha_comienzo, fecha_final) VALUES (NULL, 5, 6, '2025-05-17 07:50:28', '2025-05-17 10:39:28');
INSERT INTO historial_estados (incidencia_id, estado_inicial_id, estado_actual_id, fecha_comienzo, fecha_final) VALUES (NULL, 6, 1, '2025-05-17 10:39:28', '2025-05-18 11:26:28');
INSERT INTO historial_estados (incidencia_id, estado_inicial_id, estado_actual_id, fecha_comienzo, fecha_final) VALUES (85, 1, 3, '2025-05-18 11:26:28', '2025-05-19 02:59:19');
INSERT INTO historial_estados (incidencia_id, estado_inicial_id, estado_actual_id, fecha_comienzo, fecha_final) VALUES (NULL, 5, 4, '2025-05-01 00:48:46', '2025-05-02 01:12:46');
INSERT INTO historial_estados (incidencia_id, estado_inicial_id, estado_actual_id, fecha_comienzo, fecha_final) VALUES (NULL, 4, 1, '2025-05-02 01:12:46', '2025-05-02 03:35:46');
INSERT INTO historial_estados (incidencia_id, estado_inicial_id, estado_actual_id, fecha_comienzo, fecha_final) VALUES (86, 1, 5, '2025-05-02 03:35:46', '2025-05-02 12:53:06');
INSERT INTO historial_estados (incidencia_id, estado_inicial_id, estado_actual_id, fecha_comienzo, fecha_final) VALUES (87, 5, 4, '2025-05-16 01:20:07', '2025-05-17 09:13:35');
INSERT INTO historial_estados (incidencia_id, estado_inicial_id, estado_actual_id, fecha_comienzo, fecha_final) VALUES (89, 5, 1, '2025-05-09 05:37:57', '2025-05-11 05:03:06');
INSERT INTO historial_estados (incidencia_id, estado_inicial_id, estado_actual_id, fecha_comienzo, fecha_final) VALUES (NULL, 5, 3, '2025-05-09 03:05:35', '2025-05-09 12:53:35');
INSERT INTO historial_estados (incidencia_id, estado_inicial_id, estado_actual_id, fecha_comienzo, fecha_final) VALUES (90, 3, 5, '2025-05-09 12:53:35', '2025-05-09 14:12:09');
INSERT INTO historial_estados (incidencia_id, estado_inicial_id, estado_actual_id, fecha_comienzo, fecha_final) VALUES (NULL, 5, 4, '2025-05-06 12:56:51', '2025-05-07 01:11:51');
INSERT INTO historial_estados (incidencia_id, estado_inicial_id, estado_actual_id, fecha_comienzo, fecha_final) VALUES (NULL, 4, 1, '2025-05-07 01:11:51', '2025-05-07 11:03:51');
INSERT INTO historial_estados (incidencia_id, estado_inicial_id, estado_actual_id, fecha_comienzo, fecha_final) VALUES (91, 1, 4, '2025-05-07 11:03:51', '2025-05-07 23:04:20');
INSERT INTO historial_estados (incidencia_id, estado_inicial_id, estado_actual_id, fecha_comienzo, fecha_final) VALUES (NULL, 5, 1, '2025-05-11 02:31:03', '2025-05-11 08:40:03');
INSERT INTO historial_estados (incidencia_id, estado_inicial_id, estado_actual_id, fecha_comienzo, fecha_final) VALUES (92, 1, 3, '2025-05-11 08:40:03', '2025-05-11 21:53:02');
INSERT INTO historial_estados (incidencia_id, estado_inicial_id, estado_actual_id, fecha_comienzo, fecha_final) VALUES (93, 5, 2, '2025-05-08 16:07:56', '2025-05-09 06:43:36');
INSERT INTO historial_estados (incidencia_id, estado_inicial_id, estado_actual_id, fecha_comienzo, fecha_final) VALUES (94, 5, 5, '2025-05-09 21:29:52', '2025-05-10 23:25:13');
INSERT INTO historial_estados (incidencia_id, estado_inicial_id, estado_actual_id, fecha_comienzo, fecha_final) VALUES (NULL, 5, 4, '2025-05-04 05:19:47', '2025-05-04 12:58:47');
INSERT INTO historial_estados (incidencia_id, estado_inicial_id, estado_actual_id, fecha_comienzo, fecha_final) VALUES (NULL, 4, 2, '2025-05-04 12:58:47', '2025-05-05 02:22:47');
INSERT INTO historial_estados (incidencia_id, estado_inicial_id, estado_actual_id, fecha_comienzo, fecha_final) VALUES (95, 2, 4, '2025-05-05 02:22:47', '2025-05-06 14:51:18');
INSERT INTO historial_estados (incidencia_id, estado_inicial_id, estado_actual_id, fecha_comienzo, fecha_final) VALUES (96, 5, 1, '2025-05-15 13:11:05', '2025-05-18 04:41:45');
INSERT INTO historial_estados (incidencia_id, estado_inicial_id, estado_actual_id, fecha_comienzo, fecha_final) VALUES (NULL, 5, 4, '2025-05-18 03:19:52', '2025-05-18 21:38:52');
INSERT INTO historial_estados (incidencia_id, estado_inicial_id, estado_actual_id, fecha_comienzo, fecha_final) VALUES (NULL, 4, 2, '2025-05-18 21:38:52', '2025-05-18 23:39:52');
INSERT INTO historial_estados (incidencia_id, estado_inicial_id, estado_actual_id, fecha_comienzo, fecha_final) VALUES (97, 2, 6, '2025-05-18 23:39:52', '2025-05-18 23:42:07');
INSERT INTO historial_estados (incidencia_id, estado_inicial_id, estado_actual_id, fecha_comienzo, fecha_final) VALUES (NULL, 5, 4, '2025-05-13 05:59:35', '2025-05-13 12:14:35');
INSERT INTO historial_estados (incidencia_id, estado_inicial_id, estado_actual_id, fecha_comienzo, fecha_final) VALUES (100, 4, 6, '2025-05-13 12:14:35', '2025-05-14 01:52:05');
INSERT INTO historial_estados (incidencia_id, estado_inicial_id, estado_actual_id, fecha_comienzo, fecha_final) VALUES (NULL, 5, 2, '2025-05-14 09:44:54', '2025-05-14 18:42:54');
INSERT INTO historial_estados (incidencia_id, estado_inicial_id, estado_actual_id, fecha_comienzo, fecha_final) VALUES (NULL, 2, 3, '2025-05-14 18:42:54', '2025-05-14 22:24:54');
INSERT INTO historial_estados (incidencia_id, estado_inicial_id, estado_actual_id, fecha_comienzo, fecha_final) VALUES (102, 3, 1, '2025-05-14 22:24:54', '2025-05-16 00:26:19');
INSERT INTO historial_estados (incidencia_id, estado_inicial_id, estado_actual_id, fecha_comienzo, fecha_final) VALUES (105, 5, 6, '2025-05-02 17:42:09', '2025-05-04 01:39:01');
INSERT INTO historial_estados (incidencia_id, estado_inicial_id, estado_actual_id, fecha_comienzo, fecha_final) VALUES (NULL, 5, 2, '2025-05-08 20:25:47', '2025-05-09 10:26:47');
INSERT INTO historial_estados (incidencia_id, estado_inicial_id, estado_actual_id, fecha_comienzo, fecha_final) VALUES (NULL, 2, 4, '2025-05-09 10:26:47', '2025-05-10 09:53:47');
INSERT INTO historial_estados (incidencia_id, estado_inicial_id, estado_actual_id, fecha_comienzo, fecha_final) VALUES (106, 4, 6, '2025-05-10 09:53:47', '2025-05-12 00:31:53');
INSERT INTO historial_estados (incidencia_id, estado_inicial_id, estado_actual_id, fecha_comienzo, fecha_final) VALUES (NULL, 5, 3, '2025-05-12 17:03:23', '2025-05-12 21:17:23');
INSERT INTO historial_estados (incidencia_id, estado_inicial_id, estado_actual_id, fecha_comienzo, fecha_final) VALUES (108, 3, 4, '2025-05-12 21:17:23', '2025-05-14 20:03:56');
INSERT INTO historial_estados (incidencia_id, estado_inicial_id, estado_actual_id, fecha_comienzo, fecha_final) VALUES (NULL, 5, 6, '2025-05-16 04:20:34', '2025-05-17 02:42:34');
INSERT INTO historial_estados (incidencia_id, estado_inicial_id, estado_actual_id, fecha_comienzo, fecha_final) VALUES (NULL, 6, 2, '2025-05-17 02:42:34', '2025-05-17 05:11:34');
INSERT INTO historial_estados (incidencia_id, estado_inicial_id, estado_actual_id, fecha_comienzo, fecha_final) VALUES (109, 2, 3, '2025-05-17 05:11:34', '2025-05-18 12:29:20');