INSERT INTO Estado (id, nombre, valor, activo, color_fondo, color_texto, tipo) VALUES (0, 'Resuelto', 'resuelto', true, '#198754', '#000000', 2);
INSERT INTO Estado (id, nombre, valor, activo, color_fondo, color_texto, tipo) VALUES (2, 'En Proceso', 'en-proceso', true, '#0dcaf0', '#000000', 1);
INSERT INTO Estado (id, nombre, valor, activo, color_fondo, color_texto, tipo) VALUES (3, 'Cancelado', 'cancelado', true, '#dc3545', '#ffffff', 2);
INSERT INTO Estado (id, nombre, valor, activo, color_fondo, color_texto, tipo) VALUES (4, 'Bloqueado', 'bloqueado', true, '#6c757d', '#ffffff', 1);
INSERT INTO Estado (id, nombre, valor, activo, color_fondo, color_texto, tipo) VALUES (1, 'Pendiente', 'pendiente', true, '#ffc107', '#000000', 0);
INSERT INTO Estado (id, nombre, valor, activo, color_fondo, color_texto, tipo) VALUES (5, 'Sin Estado', 'sin-estado', true, '#04c7f5', '#ffffff', 0);

ALTER TABLE Estado ALTER COLUMN id RESTART WITH 6;

INSERT INTO Usuario (id, username, password, rol, nombre, apellidos, email, telefono, fecha_registro, editable) VALUES (1, 'user01', '$2a$12$7.MmeCKa9h.4u2uC31zOgOKFEyXQmIWKswTbNu4.MQedYyvQ2pgzW', 'USER', 'Ana', 'Martínez', 'ana.martinez@example.com', '612345678', '2024-11-03', true);
INSERT INTO Usuario (id, username, password, rol, nombre, apellidos, email, telefono, fecha_registro, editable) VALUES (2, 'user02', '$2a$12$Ur0Am.HjJ0WseHbtWuZLjuJ2yBbyQU5MJPORmweLEEd5ip2C05IYq', 'USER', 'Carlos', 'Jiménez', 'carlos.jimenez@example.com', '622345679', '2024-12-10', true);
INSERT INTO Usuario (id, username, password, rol, nombre, apellidos, email, telefono, fecha_registro, editable) VALUES (3, 'user03', '$2a$12$qiHV.kWZWYJXcpQWUwJME.c4o2bZxgINRb8jQCghvK5MrMRD0kNCy', 'USER', 'Lucía', 'Navarro', 'lucia.navarro@example.com', '632345680', '2025-01-05', true);
INSERT INTO Usuario (id, username, password, rol, nombre, apellidos, email, telefono, fecha_registro, editable) VALUES (4, 'user04', '$2a$12$Z9N.3Njv.bBXFfui5ysesu6Oc39oXfGs8n7V45ae/QIMunErTl3Fy', 'USER', 'David', 'Fernández', 'david.fernandez@example.com', '642345681', '2025-02-12', true);
INSERT INTO Usuario (id, username, password, rol, nombre, apellidos, email, telefono, fecha_registro, editable) VALUES (5, 'user05', '$2a$12$BxOL/W6prcl10mPFM8sTlOudTdxmw/mNqYsINIkw5Ze1otkt58X0q', 'USER', 'Elena', 'Romero', 'elena.romero@example.com', '652345682', '2025-03-18', true);
INSERT INTO Usuario (id, username, password, rol, nombre, apellidos, email, telefono, fecha_registro, editable) VALUES (6, 'user06', '$2a$12$wcv3W3nrkedYQM1py43D5OyoxU6WOmPqrwDmnR7CnOtkzO2M44fhG', 'USER', 'Javier', 'Ortiz', 'javier.ortiz@example.com', '662345683', '2025-03-21', true);
INSERT INTO Usuario (id, username, password, rol, nombre, apellidos, email, telefono, fecha_registro, editable) VALUES (7, 'user07', '$2a$12$.Xv5w.qDf964rO.2x8TBJOu.Yq6xR7kXLOQUrwcHdpS8lYsfQB5yq', 'USER', 'Sara', 'Cano', 'sara.cano@example.com', '672345684', '2025-03-27', true);
INSERT INTO Usuario (id, username, password, rol, nombre, apellidos, email, telefono, fecha_registro, editable) VALUES (8, 'user08', '$2a$12$qL1JYDBiYRpCwyUp9/r/euX7gmLChdir8NAX7LJQBWS6DApOZxQ.i', 'USER', 'Mario', 'González', 'mario.gonzalez@example.com', '682345685', '2025-04-04', true);
INSERT INTO Usuario (id, username, password, rol, nombre, apellidos, email, telefono, fecha_registro, editable) VALUES (9, 'user09', '$2a$12$WL05lv72x9P6zeymFJzqre5smIW5t6L/v832MDKaZIyG4uTG7NsaK', 'USER', 'Nuria', 'Sanz', 'nuria.sanz@example.com', '692345686', '2025-04-11', true);
INSERT INTO Usuario (id, username, password, rol, nombre, apellidos, email, telefono, fecha_registro, editable) VALUES (10, 'user10', '$2a$12$smC6itF8JbqT83mXwnBPOu8ibh9aB/HryghmzLRB2B2/MJH1ImSom', 'USER', 'Raúl', 'Alonso', 'raul.alonso@example.com', '602345687', '2025-04-17', true);
INSERT INTO Usuario (id, username, password, rol, nombre, apellidos, email, telefono, fecha_registro, editable) VALUES (11, 'tech01', '$2a$12$mYl/eUWoje6/6cs0OoYGa.4IOH4iG5ziFr5go4c/V6Nr9bmyl.z/q', 'TECH', 'Isabel', 'Pérez', 'isabel.perez@example.com', '611111111', '2025-04-20', true);
INSERT INTO Usuario (id, username, password, rol, nombre, apellidos, email, telefono, fecha_registro, editable) VALUES (12, 'tech02', '$2a$12$JfN31Y95PREiph5/yuvBreFZhovgrjSzyGxdzC5EhdqPqMiJbdB8S', 'TECH', 'Pedro', 'Herrera', 'pedro.herrera@example.com', '622222222', '2025-04-21', true);
INSERT INTO Usuario (id, username, password, rol, nombre, apellidos, email, telefono, fecha_registro, editable) VALUES (13, 'tech03', '$2a$12$FePPC3xeTTHl8FsgK1APFuH8Sxdnh48BGoIq8k/HFkxG1RwyxOdlu', 'TECH', 'Claudia', 'Mora', 'claudia.mora@example.com', '633333333', '2025-04-22', true);
INSERT INTO Usuario (id, username, password, rol, nombre, apellidos, email, telefono, fecha_registro, editable) VALUES (14, 'tech04', '$2a$12$obaRrurahwkaCtabLacxg.rVgpJO9Bo2jaEPvmrK1EP/xiF/tNS1m', 'TECH', 'Alberto', 'Reyes', 'alberto.reyes@example.com', '644444444', '2025-04-23', true);
INSERT INTO Usuario (id, username, password, rol, nombre, apellidos, email, telefono, fecha_registro, editable) VALUES (15, 'tech05', '$2a$12$obaRrurahwkaCtabLacxg.rVgpJO9Bo2jaEPvmrK1EP/xiF/tNS1m', 'TECH', 'Patricia', 'Crespo', 'patricia.crespo@example.com', '655555555', '2025-04-24', true);
INSERT INTO Usuario (id, username, password, rol, nombre, apellidos, email, telefono, fecha_registro, editable) VALUES (16, 'tech06', '$2a$12$obaRrurahwkaCtabLacxg.rVgpJO9Bo2jaEPvmrK1EP/xiF/tNS1m', 'TECH', 'Hugo', 'López', 'hugo.lopez@example.com', '666666666', '2025-04-25', true);
INSERT INTO Usuario (id, username, password, rol, nombre, apellidos, email, telefono, fecha_registro, editable) VALUES (17, 'tech07', '$2a$12$obaRrurahwkaCtabLacxg.rVgpJO9Bo2jaEPvmrK1EP/xiF/tNS1m', 'TECH', 'Teresa', 'Delgado', 'teresa.delgado@example.com', '677777777', '2025-04-26', true);
INSERT INTO Usuario (id, username, password, rol, nombre, apellidos, email, telefono, fecha_registro, editable) VALUES (18, 'tech08', '$2a$12$obaRrurahwkaCtabLacxg.rVgpJO9Bo2jaEPvmrK1EP/xiF/tNS1m', 'TECH', 'Andrés', 'Ruiz', 'andres.ruiz@example.com', '688888888', '2025-04-27', true);
INSERT INTO Usuario (id, username, password, rol, nombre, apellidos, email, telefono, fecha_registro, editable) VALUES (19, 'tech09', '$2a$12$obaRrurahwkaCtabLacxg.rVgpJO9Bo2jaEPvmrK1EP/xiF/tNS1m', 'TECH', 'Laura', 'Suárez', 'laura.suarez@example.com', '699999999', '2025-04-28', true);
INSERT INTO Usuario (id, username, password, rol, nombre, apellidos, email, telefono, fecha_registro, editable) VALUES (20, 'tech10', '$2a$12$obaRrurahwkaCtabLacxg.rVgpJO9Bo2jaEPvmrK1EP/xiF/tNS1m', 'TECH', 'Sergio', 'Bermúdez', 'sergio.bermudez@example.com', '600000000', '2025-04-29', true);

ALTER TABLE usuario ALTER COLUMN id RESTART WITH 21;

INSERT INTO Incidencia (titulo, ubicacion, descripcion, reportante_id, tecnico_id, estado_id, fecha_creacion, fechaiea, fecha_modificacion) VALUES ('Fallo en proyector del aula', 'Aula 15', 'El proyector del aula no responde al encender.', 9, 19, 0, '2025-02-11', '2025-02-12', '2025-02-14');
INSERT INTO Incidencia (titulo, ubicacion, descripcion, reportante_id, tecnico_id, estado_id, fecha_creacion, fechaiea, fecha_modificacion) VALUES ('Ordenador no enciende', 'Aula 1', 'El equipo no arranca al pulsar el botón de encendido.', 5, 11, 4, '2025-03-24', '2025-03-25', '2025-03-27');
INSERT INTO Incidencia (titulo, ubicacion, descripcion, reportante_id, tecnico_id, estado_id, fecha_creacion, fechaiea, fecha_modificacion) VALUES ('Problemas con la red Wi-Fi', 'Aula 9', 'No hay señal de red en ninguno de los dispositivos del aula.', 9, 14, 3, '2025-03-22', '2025-03-23', '2025-03-25');
INSERT INTO Incidencia (titulo, ubicacion, descripcion, reportante_id, tecnico_id, estado_id, fecha_creacion, fechaiea, fecha_modificacion) VALUES ('Pantalla táctil descalibrada', 'Aula 5', 'La pantalla táctil se activa sola o no responde.', 1, 16, 3, '2025-01-08', '2025-01-09', '2025-01-11');
INSERT INTO Incidencia (titulo, ubicacion, descripcion, reportante_id, tecnico_id, estado_id, fecha_creacion, fechaiea, fecha_modificacion) VALUES ('Altavoces no funcionan', 'Aula 13', 'No se escucha ningún sonido en el sistema de audio.', 4, 11, 2, '2025-04-13', '2025-04-14', '2025-04-15');
INSERT INTO Incidencia (titulo, ubicacion, descripcion, reportante_id, tecnico_id, estado_id, fecha_creacion, fechaiea, fecha_modificacion) VALUES ('Teclado roto', 'Aula 10', 'Varias teclas del teclado están inservibles.', 2, 13, 2, '2025-02-21', '2025-02-22', '2025-02-23');
INSERT INTO Incidencia (titulo, ubicacion, descripcion, reportante_id, tecnico_id, estado_id, fecha_creacion, fechaiea, fecha_modificacion) VALUES ('Impresora sin conexión', 'Aula 13', 'La impresora no se detecta en la red ni por USB.', 9, 14, 3, '2025-05-14', '2025-05-15', '2025-05-17');
INSERT INTO Incidencia (titulo, ubicacion, descripcion, reportante_id, tecnico_id, estado_id, fecha_creacion, fechaiea, fecha_modificacion) VALUES ('Software desactualizado', 'Aula 7', 'El software instalado necesita actualización urgente.', 4, 18, 2, '2025-03-01', '2025-03-02', '2025-03-03');
INSERT INTO Incidencia (titulo, ubicacion, descripcion, reportante_id, tecnico_id, estado_id, fecha_creacion, fechaiea, fecha_modificacion) VALUES ('Luz de proyector fundida', 'Aula 12', 'La lámpara del proyector está quemada y no proyecta imagen.', 9, 15, 0, '2025-03-03', '2025-03-04', '2025-03-06');
INSERT INTO Incidencia (titulo, ubicacion, descripcion, reportante_id, tecnico_id, estado_id, fecha_creacion, fechaiea, fecha_modificacion) VALUES ('Cámara de seguridad sin imagen', 'Aula 4', 'No hay señal de video en la cámara del aula.', 9, 14, 4, '2025-01-29', '2025-01-30', '2025-02-01');
INSERT INTO Incidencia (titulo, ubicacion, descripcion, reportante_id, tecnico_id, estado_id, fecha_creacion, fechaiea, fecha_modificacion) VALUES ('Tablet bloqueada', 'Aula 2', 'La tablet está bloqueada y no permite iniciar sesión.', 6, 13, 2, '2025-05-09', '2025-05-10', '2025-05-11');
INSERT INTO Incidencia (titulo, ubicacion, descripcion, reportante_id, tecnico_id, estado_id, fecha_creacion, fechaiea, fecha_modificacion) VALUES ('Error de inicio en Windows', 'Aula 19', 'Al arrancar Windows aparece un mensaje de error crítico.', 3, 20, 2, '2025-04-22', '2025-04-23', '2025-04-24');
INSERT INTO Incidencia (titulo, ubicacion, descripcion, reportante_id, tecnico_id, estado_id, fecha_creacion, fechaiea, fecha_modificacion) VALUES ('Actualización de antivirus fallida', 'Aula 8', 'El antivirus no puede completar la actualización programada.', 8, 11, 4, '2025-01-24', '2025-01-25', '2025-01-27');
INSERT INTO Incidencia (titulo, ubicacion, descripcion, reportante_id, tecnico_id, estado_id, fecha_creacion, fechaiea, fecha_modificacion) VALUES ('Ruido excesivo en CPU', 'Aula 1', 'El ventilador del equipo hace mucho ruido.', 3, 20, 3, '2025-05-18', '2025-05-19', '2025-05-21');
INSERT INTO Incidencia (titulo, ubicacion, descripcion, reportante_id, tecnico_id, estado_id, fecha_creacion, fechaiea, fecha_modificacion) VALUES ('Pantalla azul en portátil', 'Aula 17', 'El portátil se reinicia con pantalla azul frecuentemente.', 7, 12, 4, '2025-04-29', '2025-04-30', '2025-05-02');
INSERT INTO Incidencia (titulo, ubicacion, descripcion, reportante_id, tecnico_id, estado_id, fecha_creacion, fechaiea, fecha_modificacion) VALUES ('Fallo al acceder a Aula Virtual', 'Aula 15', 'El Aula Virtual no carga correctamente en los PCs.', 8, 16, 2, '2025-02-10', '2025-02-11', '2025-02-12');
INSERT INTO Incidencia (titulo, ubicacion, descripcion, reportante_id, tecnico_id, estado_id, fecha_creacion, fechaiea, fecha_modificacion) VALUES ('Problemas con Google Meet', 'Aula 14', 'Google Meet se desconecta constantemente en esta aula.', 9, 14, 0, '2025-02-28', '2025-03-01', '2025-03-03');
INSERT INTO Incidencia (titulo, ubicacion, descripcion, reportante_id, tecnico_id, estado_id, fecha_creacion, fechaiea, fecha_modificacion) VALUES ('Ratón sin respuesta', 'Aula 15', 'El ratón no responde ni por USB ni inalámbrico.', 8, 17, 3, '2025-04-10', '2025-04-11', '2025-04-13');
INSERT INTO Incidencia (titulo, ubicacion, descripcion, reportante_id, tecnico_id, estado_id, fecha_creacion, fechaiea, fecha_modificacion) VALUES ('Micro cortado en videoconferencia', 'Aula 1', 'El micro deja de funcionar en medio de las videollamadas.', 9, 15, 3, '2025-05-11', '2025-05-12', '2025-05-14');
INSERT INTO Incidencia (titulo, ubicacion, descripcion, reportante_id, tecnico_id, estado_id, fecha_creacion, fechaiea, fecha_modificacion) VALUES ('Sistema operativo corrupto', 'Aula 18', 'El sistema operativo presenta errores graves al iniciar.', 10, 16, 1, '2025-01-23', '2025-01-24', '2025-01-24');
INSERT INTO Incidencia (titulo, ubicacion, descripcion, reportante_id, tecnico_id, estado_id, fecha_creacion, fechaiea, fecha_modificacion) VALUES ('Fallo en proyector del aula', 'Aula 3', 'El proyector del aula no responde al encender.', 10, 20, 2, '2025-01-22', '2025-01-23', '2025-01-24');
INSERT INTO Incidencia (titulo, ubicacion, descripcion, reportante_id, tecnico_id, estado_id, fecha_creacion, fechaiea, fecha_modificacion) VALUES ('Ordenador no enciende', 'Aula 6', 'El equipo no arranca al pulsar el botón de encendido.', 6, 19, 0, '2025-05-03', '2025-05-04', '2025-05-06');
INSERT INTO Incidencia (titulo, ubicacion, descripcion, reportante_id, tecnico_id, estado_id, fecha_creacion, fechaiea, fecha_modificacion) VALUES ('Problemas con la red Wi-Fi', 'Aula 11', 'No hay señal de red en ninguno de los dispositivos del aula.', 9, 13, 2, '2025-03-15', '2025-03-16', '2025-03-17');
INSERT INTO Incidencia (titulo, ubicacion, descripcion, reportante_id, tecnico_id, estado_id, fecha_creacion, fechaiea, fecha_modificacion) VALUES ('Pantalla táctil descalibrada', 'Aula 16', 'La pantalla táctil se activa sola o no responde.', 3, 16, 2, '2025-02-23', '2025-02-24', '2025-02-25');
INSERT INTO Incidencia (titulo, ubicacion, descripcion, reportante_id, tecnico_id, estado_id, fecha_creacion, fechaiea, fecha_modificacion) VALUES ('Altavoces no funcionan', 'Aula 3', 'No se escucha ningún sonido en el sistema de audio.', 6, 17, 0, '2025-05-15', '2025-05-16', '2025-05-17');
INSERT INTO Incidencia (titulo, ubicacion, descripcion, reportante_id, tecnico_id, estado_id, fecha_creacion, fechaiea, fecha_modificacion) VALUES ('Teclado roto', 'Aula 14', 'Varias teclas del teclado están inservibles.', 8, 12, 0, '2025-03-28', '2025-03-29', '2025-03-31');
INSERT INTO Incidencia (titulo, ubicacion, descripcion, reportante_id, tecnico_id, estado_id, fecha_creacion, fechaiea, fecha_modificacion) VALUES ('Impresora sin conexión', 'Aula 15', 'La impresora no se detecta en la red ni por USB.', 6, 19, 2, '2025-05-04', '2025-05-05', '2025-05-06');
INSERT INTO Incidencia (titulo, ubicacion, descripcion, reportante_id, tecnico_id, estado_id, fecha_creacion, fechaiea, fecha_modificacion) VALUES ('Software desactualizado', 'Aula 19', 'El software instalado necesita actualización urgente.', 3, 14, 0, '2025-01-23', '2025-01-24', '2025-01-26');
INSERT INTO Incidencia (titulo, ubicacion, descripcion, reportante_id, tecnico_id, estado_id, fecha_creacion, fechaiea, fecha_modificacion) VALUES ('Luz de proyector fundida', 'Aula 18', 'La lámpara del proyector está quemada y no proyecta imagen.', 10, 13, 1, '2025-01-20', '2025-01-21', '2025-01-21');
INSERT INTO Incidencia (titulo, ubicacion, descripcion, reportante_id, tecnico_id, estado_id, fecha_creacion, fechaiea, fecha_modificacion) VALUES ('Cámara de seguridad sin imagen', 'Aula 7', 'No hay señal de video en la cámara del aula.', 3, 18, 3, '2025-05-15', '2025-05-16', '2025-05-18');
INSERT INTO Incidencia (titulo, ubicacion, descripcion, reportante_id, tecnico_id, estado_id, fecha_creacion, fechaiea, fecha_modificacion) VALUES ('Tablet bloqueada', 'Aula 5', 'La tablet está bloqueada y no permite iniciar sesión.', 3, 17, 4, '2025-05-16', '2025-05-17', '2025-05-19');
INSERT INTO Incidencia (titulo, ubicacion, descripcion, reportante_id, tecnico_id, estado_id, fecha_creacion, fechaiea, fecha_modificacion) VALUES ('Error de inicio en Windows', 'Aula 19', 'Al arrancar Windows aparece un mensaje de error crítico.', 10, 15, 1, '2025-03-07', '2025-03-08', '2025-03-08');
INSERT INTO Incidencia (titulo, ubicacion, descripcion, reportante_id, tecnico_id, estado_id, fecha_creacion, fechaiea, fecha_modificacion) VALUES ('Actualización de antivirus fallida', 'Aula 6', 'El antivirus no puede completar la actualización programada.', 2, 15, 2, '2025-02-07', '2025-02-08', '2025-02-09');
INSERT INTO Incidencia (titulo, ubicacion, descripcion, reportante_id, tecnico_id, estado_id, fecha_creacion, fechaiea, fecha_modificacion) VALUES ('Ruido excesivo en CPU', 'Aula 6', 'El ventilador del equipo hace mucho ruido.', 4, 11, 2, '2025-03-06', '2025-03-07', '2025-03-08');
INSERT INTO Incidencia (titulo, ubicacion, descripcion, reportante_id, tecnico_id, estado_id, fecha_creacion, fechaiea, fecha_modificacion) VALUES ('Pantalla azul en portátil', 'Aula 13', 'El portátil se reinicia con pantalla azul frecuentemente.', 4, 12, 3, '2025-03-14', '2025-03-15', '2025-03-17');
INSERT INTO Incidencia (titulo, ubicacion, descripcion, reportante_id, tecnico_id, estado_id, fecha_creacion, fechaiea, fecha_modificacion) VALUES ('Fallo al acceder a Aula Virtual', 'Aula 14', 'El Aula Virtual no carga correctamente en los PCs.', 8, 14, 3, '2025-01-16', '2025-01-17', '2025-01-19');
INSERT INTO Incidencia (titulo, ubicacion, descripcion, reportante_id, tecnico_id, estado_id, fecha_creacion, fechaiea, fecha_modificacion) VALUES ('Problemas con Google Meet', 'Aula 1', 'Google Meet se desconecta constantemente en esta aula.', 9, 20, 4, '2025-05-17', '2025-05-18', '2025-05-20');
INSERT INTO Incidencia (titulo, ubicacion, descripcion, reportante_id, tecnico_id, estado_id, fecha_creacion, fechaiea, fecha_modificacion) VALUES ('Ratón sin respuesta', 'Aula 18', 'El ratón no responde ni por USB ni inalámbrico.', 9, 20, 3, '2025-02-26', '2025-02-27', '2025-02-28');
INSERT INTO Incidencia (titulo, ubicacion, descripcion, reportante_id, tecnico_id, estado_id, fecha_creacion, fechaiea, fecha_modificacion) VALUES ('Micro cortado en videoconferencia', 'Aula 4', 'El micro deja de funcionar en medio de las videollamadas.', 8, 18, 1, '2025-02-13', '2025-02-14', '2025-02-14');
INSERT INTO Incidencia (titulo, ubicacion, descripcion, reportante_id, tecnico_id, estado_id, fecha_creacion, fechaiea, fecha_modificacion) VALUES ('Sistema operativo corrupto', 'Aula 20', 'El sistema operativo presenta errores graves al iniciar.', 7, 12, 2, '2025-02-08', '2025-02-09', '2025-02-10');
INSERT INTO Incidencia (titulo, ubicacion, descripcion, reportante_id, tecnico_id, estado_id, fecha_creacion, fechaiea, fecha_modificacion) VALUES ('Fallo en proyector del aula', 'Aula 20', 'El proyector del aula no responde al encender.', 8, 20, 3, '2025-04-23', '2025-04-24', '2025-04-26');
INSERT INTO Incidencia (titulo, ubicacion, descripcion, reportante_id, tecnico_id, estado_id, fecha_creacion, fechaiea, fecha_modificacion) VALUES ('Ordenador no enciende', 'Aula 10', 'El equipo no arranca al pulsar el botón de encendido.', 2, 18, 0, '2025-04-09', '2025-04-10', '2025-04-12');
INSERT INTO Incidencia (titulo, ubicacion, descripcion, reportante_id, tecnico_id, estado_id, fecha_creacion, fechaiea, fecha_modificacion) VALUES ('Problemas con la red Wi-Fi', 'Aula 20', 'No hay señal de red en ninguno de los dispositivos del aula.', 8, 20, 4, '2025-03-19', '2025-03-20', '2025-03-22');
INSERT INTO Incidencia (titulo, ubicacion, descripcion, reportante_id, tecnico_id, estado_id, fecha_creacion, fechaiea, fecha_modificacion) VALUES ('Pantalla táctil descalibrada', 'Aula 5', 'La pantalla táctil se activa sola o no responde.', 3, 15, 3, '2025-04-21', '2025-04-22', '2025-04-23');
INSERT INTO Incidencia (titulo, ubicacion, descripcion, reportante_id, tecnico_id, estado_id, fecha_creacion, fechaiea, fecha_modificacion) VALUES ('Altavoces no funcionan', 'Aula 13', 'No se escucha ningún sonido en el sistema de audio.', 4, 16, 3, '2025-03-03', '2025-03-04', '2025-03-05');
INSERT INTO Incidencia (titulo, ubicacion, descripcion, reportante_id, tecnico_id, estado_id, fecha_creacion, fechaiea, fecha_modificacion) VALUES ('Teclado roto', 'Aula 13', 'Varias teclas del teclado están inservibles.', 10, 12, 0, '2025-03-03', '2025-03-04', '2025-03-06');
INSERT INTO Incidencia (titulo, ubicacion, descripcion, reportante_id, tecnico_id, estado_id, fecha_creacion, fechaiea, fecha_modificacion) VALUES ('Impresora sin conexión', 'Aula 1', 'La impresora no se detecta en la red ni por USB.', 8, 17, 2, '2025-03-10', '2025-03-11', '2025-03-12');
INSERT INTO Incidencia (titulo, ubicacion, descripcion, reportante_id, tecnico_id, estado_id, fecha_creacion, fechaiea, fecha_modificacion) VALUES ('Software desactualizado', 'Aula 8', 'El software instalado necesita actualización urgente.', 3, 12, 3, '2025-05-18', '2025-05-19', '2025-05-21');
INSERT INTO Incidencia (titulo, ubicacion, descripcion, reportante_id, tecnico_id, estado_id, fecha_creacion, fechaiea, fecha_modificacion) VALUES ('Luz de proyector fundida', 'Aula 2', 'La lámpara del proyector está quemada y no proyecta imagen.', 9, 13, 2, '2025-01-09', '2025-01-10', '2025-01-11');
INSERT INTO Incidencia (titulo, ubicacion, descripcion, reportante_id, tecnico_id, estado_id, fecha_creacion, fechaiea, fecha_modificacion) VALUES ('Cámara de seguridad sin imagen', 'Aula 20', 'No hay señal de video en la cámara del aula.', 6, 15, 0, '2025-03-05', '2025-03-06', '2025-03-08');

INSERT INTO historial_estados (incidencia_id, estado_inicial_id , estado_actual_id, fecha_comienzo, fecha_final) VALUES (NULL, NULL, 1, '2025-02-11', '2025-02-12');
INSERT INTO historial_estados (incidencia_id, estado_inicial_id , estado_actual_id, fecha_comienzo, fecha_final) VALUES (NULL, 1, 2, '2025-02-12', '2025-02-13');
INSERT INTO historial_estados (incidencia_id, estado_inicial_id , estado_actual_id, fecha_comienzo, fecha_final) VALUES (1, 2, 0, '2025-02-13', '2025-02-14');
INSERT INTO historial_estados (incidencia_id, estado_inicial_id , estado_actual_id, fecha_comienzo, fecha_final) VALUES (NULL, NULL, 1, '2025-03-24', '2025-03-25');
INSERT INTO historial_estados (incidencia_id, estado_inicial_id , estado_actual_id, fecha_comienzo, fecha_final) VALUES (NULL, 1, 2, '2025-03-25', '2025-03-26');
INSERT INTO historial_estados (incidencia_id, estado_inicial_id , estado_actual_id, fecha_comienzo, fecha_final) VALUES (2, 2, 4, '2025-03-26', '2025-03-27');
INSERT INTO historial_estados (incidencia_id, estado_inicial_id , estado_actual_id, fecha_comienzo, fecha_final) VALUES (NULL, NULL, 1, '2025-03-22', '2025-03-23');
INSERT INTO historial_estados (incidencia_id, estado_inicial_id , estado_actual_id, fecha_comienzo, fecha_final) VALUES (NULL, 1, 2, '2025-03-23', '2025-03-24');
INSERT INTO historial_estados (incidencia_id, estado_inicial_id , estado_actual_id, fecha_comienzo, fecha_final) VALUES (3, 2, 3, '2025-03-24', '2025-03-25');
INSERT INTO historial_estados (incidencia_id, estado_inicial_id , estado_actual_id, fecha_comienzo, fecha_final) VALUES (NULL, NULL, 1, '2025-01-08', '2025-01-09');
INSERT INTO historial_estados (incidencia_id, estado_inicial_id , estado_actual_id, fecha_comienzo, fecha_final) VALUES (NULL, 1, 2, '2025-01-09', '2025-01-10');
INSERT INTO historial_estados (incidencia_id, estado_inicial_id , estado_actual_id, fecha_comienzo, fecha_final) VALUES (4, 2, 3, '2025-01-10', '2025-01-11');
INSERT INTO historial_estados (incidencia_id, estado_inicial_id , estado_actual_id, fecha_comienzo, fecha_final) VALUES (NULL, NULL, 1, '2025-04-13', '2025-04-14');
INSERT INTO historial_estados (incidencia_id, estado_inicial_id , estado_actual_id, fecha_comienzo, fecha_final) VALUES (5, 1, 2, '2025-04-14', '2025-04-15');
INSERT INTO historial_estados (incidencia_id, estado_inicial_id , estado_actual_id, fecha_comienzo, fecha_final) VALUES (NULL, NULL, 1, '2025-02-21', '2025-02-22');
INSERT INTO historial_estados (incidencia_id, estado_inicial_id , estado_actual_id, fecha_comienzo, fecha_final) VALUES (6, 1, 2, '2025-02-22', '2025-02-23');
INSERT INTO historial_estados (incidencia_id, estado_inicial_id , estado_actual_id, fecha_comienzo, fecha_final) VALUES (NULL, NULL, 1, '2025-05-14', '2025-05-15');
INSERT INTO historial_estados (incidencia_id, estado_inicial_id , estado_actual_id, fecha_comienzo, fecha_final) VALUES (NULL, 1, 2, '2025-05-15', '2025-05-16');
INSERT INTO historial_estados (incidencia_id, estado_inicial_id , estado_actual_id, fecha_comienzo, fecha_final) VALUES (7, 2, 3, '2025-05-16', '2025-05-17');
INSERT INTO historial_estados (incidencia_id, estado_inicial_id , estado_actual_id, fecha_comienzo, fecha_final) VALUES (NULL, NULL, 1, '2025-03-01', '2025-03-02');
INSERT INTO historial_estados (incidencia_id, estado_inicial_id , estado_actual_id, fecha_comienzo, fecha_final) VALUES (8, 1, 2, '2025-03-02', '2025-03-03');
INSERT INTO historial_estados (incidencia_id, estado_inicial_id , estado_actual_id, fecha_comienzo, fecha_final) VALUES (NULL, NULL, 1, '2025-03-03', '2025-03-04');
INSERT INTO historial_estados (incidencia_id, estado_inicial_id , estado_actual_id, fecha_comienzo, fecha_final) VALUES (NULL, 1, 2, '2025-03-04', '2025-03-05');
INSERT INTO historial_estados (incidencia_id, estado_inicial_id , estado_actual_id, fecha_comienzo, fecha_final) VALUES (9, 2, 0, '2025-03-05', '2025-03-06');
INSERT INTO historial_estados (incidencia_id, estado_inicial_id , estado_actual_id, fecha_comienzo, fecha_final) VALUES (NULL, NULL, 1, '2025-01-29', '2025-01-30');
INSERT INTO historial_estados (incidencia_id, estado_inicial_id , estado_actual_id, fecha_comienzo, fecha_final) VALUES (NULL, 1, 2, '2025-01-30', '2025-01-31');
INSERT INTO historial_estados (incidencia_id, estado_inicial_id , estado_actual_id, fecha_comienzo, fecha_final) VALUES (10, 2, 4, '2025-01-31', '2025-02-01');
INSERT INTO historial_estados (incidencia_id, estado_inicial_id , estado_actual_id, fecha_comienzo, fecha_final) VALUES (NULL, NULL, 1, '2025-05-09', '2025-05-10');
INSERT INTO historial_estados (incidencia_id, estado_inicial_id , estado_actual_id, fecha_comienzo, fecha_final) VALUES (11, 1, 2, '2025-05-10', '2025-05-11');
INSERT INTO historial_estados (incidencia_id, estado_inicial_id , estado_actual_id, fecha_comienzo, fecha_final) VALUES (NULL, NULL, 1, '2025-04-22', '2025-04-23');
INSERT INTO historial_estados (incidencia_id, estado_inicial_id , estado_actual_id, fecha_comienzo, fecha_final) VALUES (12, 1, 2, '2025-04-23', '2025-04-24');
INSERT INTO historial_estados (incidencia_id, estado_inicial_id , estado_actual_id, fecha_comienzo, fecha_final) VALUES (NULL, NULL, 1, '2025-01-24', '2025-01-25');
INSERT INTO historial_estados (incidencia_id, estado_inicial_id , estado_actual_id, fecha_comienzo, fecha_final) VALUES (NULL, 1, 2, '2025-01-25', '2025-01-26');
INSERT INTO historial_estados (incidencia_id, estado_inicial_id , estado_actual_id, fecha_comienzo, fecha_final) VALUES (13, 2, 4, '2025-01-26', '2025-01-27');
INSERT INTO historial_estados (incidencia_id, estado_inicial_id , estado_actual_id, fecha_comienzo, fecha_final) VALUES (NULL, NULL, 1, '2025-05-18', '2025-05-19');
INSERT INTO historial_estados (incidencia_id, estado_inicial_id , estado_actual_id, fecha_comienzo, fecha_final) VALUES (NULL, 1, 2, '2025-05-19', '2025-05-20');
INSERT INTO historial_estados (incidencia_id, estado_inicial_id , estado_actual_id, fecha_comienzo, fecha_final) VALUES (14, 2, 3, '2025-05-20', '2025-05-21');
INSERT INTO historial_estados (incidencia_id, estado_inicial_id , estado_actual_id, fecha_comienzo, fecha_final) VALUES (NULL, NULL, 1, '2025-04-29', '2025-04-30');
INSERT INTO historial_estados (incidencia_id, estado_inicial_id , estado_actual_id, fecha_comienzo, fecha_final) VALUES (NULL, 1, 2, '2025-04-30', '2025-05-01');
INSERT INTO historial_estados (incidencia_id, estado_inicial_id , estado_actual_id, fecha_comienzo, fecha_final) VALUES (15, 2, 4, '2025-05-01', '2025-05-02');
INSERT INTO historial_estados (incidencia_id, estado_inicial_id , estado_actual_id, fecha_comienzo, fecha_final) VALUES (NULL, NULL, 1, '2025-02-10', '2025-02-11');
INSERT INTO historial_estados (incidencia_id, estado_inicial_id , estado_actual_id, fecha_comienzo, fecha_final) VALUES (16, 1, 2, '2025-02-11', '2025-02-12');
INSERT INTO historial_estados (incidencia_id, estado_inicial_id , estado_actual_id, fecha_comienzo, fecha_final) VALUES (NULL, NULL, 1, '2025-02-28', '2025-03-01');
INSERT INTO historial_estados (incidencia_id, estado_inicial_id , estado_actual_id, fecha_comienzo, fecha_final) VALUES (NULL, 1, 2, '2025-03-01', '2025-03-02');
INSERT INTO historial_estados (incidencia_id, estado_inicial_id , estado_actual_id, fecha_comienzo, fecha_final) VALUES (17, 2, 0, '2025-03-02', '2025-03-03');
INSERT INTO historial_estados (incidencia_id, estado_inicial_id , estado_actual_id, fecha_comienzo, fecha_final) VALUES (NULL, NULL, 1, '2025-04-10', '2025-04-11');
INSERT INTO historial_estados (incidencia_id, estado_inicial_id , estado_actual_id, fecha_comienzo, fecha_final) VALUES (NULL, 1, 2, '2025-04-11', '2025-04-12');
INSERT INTO historial_estados (incidencia_id, estado_inicial_id , estado_actual_id, fecha_comienzo, fecha_final) VALUES (18, 2, 3, '2025-04-12', '2025-04-13');
INSERT INTO historial_estados (incidencia_id, estado_inicial_id , estado_actual_id, fecha_comienzo, fecha_final) VALUES (NULL, NULL, 1, '2025-05-11', '2025-05-12');
INSERT INTO historial_estados (incidencia_id, estado_inicial_id , estado_actual_id, fecha_comienzo, fecha_final) VALUES (NULL, 1, 2, '2025-05-12', '2025-05-13');
INSERT INTO historial_estados (incidencia_id, estado_inicial_id , estado_actual_id, fecha_comienzo, fecha_final) VALUES (19, 2, 3, '2025-05-13', '2025-05-14');
INSERT INTO historial_estados (incidencia_id, estado_inicial_id , estado_actual_id, fecha_comienzo, fecha_final) VALUES (20, NULL, 1, '2025-01-23', '2025-01-24');
INSERT INTO historial_estados (incidencia_id, estado_inicial_id , estado_actual_id, fecha_comienzo, fecha_final) VALUES (NULL, NULL, 1, '2025-01-22', '2025-01-23');
INSERT INTO historial_estados (incidencia_id, estado_inicial_id , estado_actual_id, fecha_comienzo, fecha_final) VALUES (21, 1, 2, '2025-01-23', '2025-01-24');
INSERT INTO historial_estados (incidencia_id, estado_inicial_id , estado_actual_id, fecha_comienzo, fecha_final) VALUES (NULL, NULL, 1, '2025-05-03', '2025-05-04');
INSERT INTO historial_estados (incidencia_id, estado_inicial_id , estado_actual_id, fecha_comienzo, fecha_final) VALUES (NULL, 1, 2, '2025-05-04', '2025-05-05');
INSERT INTO historial_estados (incidencia_id, estado_inicial_id , estado_actual_id, fecha_comienzo, fecha_final) VALUES (22, 2, 0, '2025-05-05', '2025-05-06');
INSERT INTO historial_estados (incidencia_id, estado_inicial_id , estado_actual_id, fecha_comienzo, fecha_final) VALUES (NULL, NULL, 1, '2025-03-15', '2025-03-16');
INSERT INTO historial_estados (incidencia_id, estado_inicial_id , estado_actual_id, fecha_comienzo, fecha_final) VALUES (23, 1, 2, '2025-03-16', '2025-03-17');
INSERT INTO historial_estados (incidencia_id, estado_inicial_id , estado_actual_id, fecha_comienzo, fecha_final) VALUES (NULL, NULL, 1, '2025-02-23', '2025-02-24');
INSERT INTO historial_estados (incidencia_id, estado_inicial_id , estado_actual_id, fecha_comienzo, fecha_final) VALUES (24, 1, 2, '2025-02-24', '2025-02-25');
INSERT INTO historial_estados (incidencia_id, estado_inicial_id , estado_actual_id, fecha_comienzo, fecha_final) VALUES (NULL, NULL, 1, '2025-05-15', '2025-05-16');
INSERT INTO historial_estados (incidencia_id, estado_inicial_id , estado_actual_id, fecha_comienzo, fecha_final) VALUES (25, 1, 0, '2025-05-16', '2025-05-17');
INSERT INTO historial_estados (incidencia_id, estado_inicial_id , estado_actual_id, fecha_comienzo, fecha_final) VALUES (NULL, NULL, 1, '2025-03-28', '2025-03-29');
INSERT INTO historial_estados (incidencia_id, estado_inicial_id , estado_actual_id, fecha_comienzo, fecha_final) VALUES (NULL, 1, 2, '2025-03-29', '2025-03-30');
INSERT INTO historial_estados (incidencia_id, estado_inicial_id , estado_actual_id, fecha_comienzo, fecha_final) VALUES (26, 2, 0, '2025-03-30', '2025-03-31');
INSERT INTO historial_estados (incidencia_id, estado_inicial_id , estado_actual_id, fecha_comienzo, fecha_final) VALUES (NULL, NULL, 1, '2025-05-04', '2025-05-05');
INSERT INTO historial_estados (incidencia_id, estado_inicial_id , estado_actual_id, fecha_comienzo, fecha_final) VALUES (27, 1, 2, '2025-05-05', '2025-05-06');
INSERT INTO historial_estados (incidencia_id, estado_inicial_id , estado_actual_id, fecha_comienzo, fecha_final) VALUES (NULL, NULL, 1, '2025-01-23', '2025-01-24');
INSERT INTO historial_estados (incidencia_id, estado_inicial_id , estado_actual_id, fecha_comienzo, fecha_final) VALUES (NULL, 1, 2, '2025-01-24', '2025-01-25');
INSERT INTO historial_estados (incidencia_id, estado_inicial_id , estado_actual_id, fecha_comienzo, fecha_final) VALUES (28, 2, 0, '2025-01-25', '2025-01-26');
INSERT INTO historial_estados (incidencia_id, estado_inicial_id , estado_actual_id, fecha_comienzo, fecha_final) VALUES (29, NULL, 1, '2025-01-20', '2025-01-21');
INSERT INTO historial_estados (incidencia_id, estado_inicial_id , estado_actual_id, fecha_comienzo, fecha_final) VALUES (NULL, NULL, 1, '2025-05-15', '2025-05-16');
INSERT INTO historial_estados (incidencia_id, estado_inicial_id , estado_actual_id, fecha_comienzo, fecha_final) VALUES (NULL, 1, 2, '2025-05-16', '2025-05-17');
INSERT INTO historial_estados (incidencia_id, estado_inicial_id , estado_actual_id, fecha_comienzo, fecha_final) VALUES (30, 2, 3, '2025-05-17', '2025-05-18');
INSERT INTO historial_estados (incidencia_id, estado_inicial_id , estado_actual_id, fecha_comienzo, fecha_final) VALUES (NULL, NULL, 1, '2025-05-16', '2025-05-17');
INSERT INTO historial_estados (incidencia_id, estado_inicial_id , estado_actual_id, fecha_comienzo, fecha_final) VALUES (NULL, 1, 2, '2025-05-17', '2025-05-18');
INSERT INTO historial_estados (incidencia_id, estado_inicial_id , estado_actual_id, fecha_comienzo, fecha_final) VALUES (31, 2, 4, '2025-05-18', '2025-05-19');
INSERT INTO historial_estados (incidencia_id, estado_inicial_id , estado_actual_id, fecha_comienzo, fecha_final) VALUES (32, NULL, 1, '2025-03-07', '2025-03-08');
INSERT INTO historial_estados (incidencia_id, estado_inicial_id , estado_actual_id, fecha_comienzo, fecha_final) VALUES (NULL, NULL, 1, '2025-02-07', '2025-02-08');
INSERT INTO historial_estados (incidencia_id, estado_inicial_id , estado_actual_id, fecha_comienzo, fecha_final) VALUES (33, 1, 2, '2025-02-08', '2025-02-09');
INSERT INTO historial_estados (incidencia_id, estado_inicial_id , estado_actual_id, fecha_comienzo, fecha_final) VALUES (NULL, NULL, 1, '2025-03-06', '2025-03-07');
INSERT INTO historial_estados (incidencia_id, estado_inicial_id , estado_actual_id, fecha_comienzo, fecha_final) VALUES (34, 1, 2, '2025-03-07', '2025-03-08');
INSERT INTO historial_estados (incidencia_id, estado_inicial_id , estado_actual_id, fecha_comienzo, fecha_final) VALUES (NULL, NULL, 1, '2025-03-14', '2025-03-15');
INSERT INTO historial_estados (incidencia_id, estado_inicial_id , estado_actual_id, fecha_comienzo, fecha_final) VALUES (NULL, 1, 2, '2025-03-15', '2025-03-16');
INSERT INTO historial_estados (incidencia_id, estado_inicial_id , estado_actual_id, fecha_comienzo, fecha_final) VALUES (35, 2, 3, '2025-03-16', '2025-03-17');
INSERT INTO historial_estados (incidencia_id, estado_inicial_id , estado_actual_id, fecha_comienzo, fecha_final) VALUES (NULL, NULL, 1, '2025-01-16', '2025-01-17');
INSERT INTO historial_estados (incidencia_id, estado_inicial_id , estado_actual_id, fecha_comienzo, fecha_final) VALUES (NULL, 1, 2, '2025-01-17', '2025-01-18');
INSERT INTO historial_estados (incidencia_id, estado_inicial_id , estado_actual_id, fecha_comienzo, fecha_final) VALUES (36, 2, 3, '2025-01-18', '2025-01-19');
INSERT INTO historial_estados (incidencia_id, estado_inicial_id , estado_actual_id, fecha_comienzo, fecha_final) VALUES (NULL, NULL, 1, '2025-05-17', '2025-05-18');
INSERT INTO historial_estados (incidencia_id, estado_inicial_id , estado_actual_id, fecha_comienzo, fecha_final) VALUES (NULL, 1, 2, '2025-05-18', '2025-05-19');
INSERT INTO historial_estados (incidencia_id, estado_inicial_id , estado_actual_id, fecha_comienzo, fecha_final) VALUES (37, 2, 4, '2025-05-19', '2025-05-20');
INSERT INTO historial_estados (incidencia_id, estado_inicial_id , estado_actual_id, fecha_comienzo, fecha_final) VALUES (NULL, NULL, 1, '2025-02-26', '2025-02-27');
INSERT INTO historial_estados (incidencia_id, estado_inicial_id , estado_actual_id, fecha_comienzo, fecha_final) VALUES (38, 1, 3, '2025-02-27', '2025-02-28');
INSERT INTO historial_estados (incidencia_id, estado_inicial_id , estado_actual_id, fecha_comienzo, fecha_final) VALUES (39, NULL, 1, '2025-02-13', '2025-02-14');
INSERT INTO historial_estados (incidencia_id, estado_inicial_id , estado_actual_id, fecha_comienzo, fecha_final) VALUES (NULL, NULL, 1, '2025-02-08', '2025-02-09');
INSERT INTO historial_estados (incidencia_id, estado_inicial_id , estado_actual_id, fecha_comienzo, fecha_final) VALUES (40, 1, 2, '2025-02-09', '2025-02-10');
INSERT INTO historial_estados (incidencia_id, estado_inicial_id , estado_actual_id, fecha_comienzo, fecha_final) VALUES (NULL, NULL, 1, '2025-04-23', '2025-04-24');
INSERT INTO historial_estados (incidencia_id, estado_inicial_id , estado_actual_id, fecha_comienzo, fecha_final) VALUES (NULL, 1, 2, '2025-04-24', '2025-04-25');
INSERT INTO historial_estados (incidencia_id, estado_inicial_id , estado_actual_id, fecha_comienzo, fecha_final) VALUES (41, 2, 3, '2025-04-25', '2025-04-26');
INSERT INTO historial_estados (incidencia_id, estado_inicial_id , estado_actual_id, fecha_comienzo, fecha_final) VALUES (NULL, NULL, 1, '2025-04-09', '2025-04-10');
INSERT INTO historial_estados (incidencia_id, estado_inicial_id , estado_actual_id, fecha_comienzo, fecha_final) VALUES (NULL, 1, 2, '2025-04-10', '2025-04-11');
INSERT INTO historial_estados (incidencia_id, estado_inicial_id , estado_actual_id, fecha_comienzo, fecha_final) VALUES (42, 2, 0, '2025-04-11', '2025-04-12');
INSERT INTO historial_estados (incidencia_id, estado_inicial_id , estado_actual_id, fecha_comienzo, fecha_final) VALUES (NULL, NULL, 1, '2025-03-19', '2025-03-20');
INSERT INTO historial_estados (incidencia_id, estado_inicial_id , estado_actual_id, fecha_comienzo, fecha_final) VALUES (NULL, 1, 2, '2025-03-20', '2025-03-21');
INSERT INTO historial_estados (incidencia_id, estado_inicial_id , estado_actual_id, fecha_comienzo, fecha_final) VALUES (43, 2, 4, '2025-03-21', '2025-03-22');
INSERT INTO historial_estados (incidencia_id, estado_inicial_id , estado_actual_id, fecha_comienzo, fecha_final) VALUES (NULL, NULL, 1, '2025-04-21', '2025-04-22');
INSERT INTO historial_estados (incidencia_id, estado_inicial_id , estado_actual_id, fecha_comienzo, fecha_final) VALUES (44, 1, 3, '2025-04-22', '2025-04-23');
INSERT INTO historial_estados (incidencia_id, estado_inicial_id , estado_actual_id, fecha_comienzo, fecha_final) VALUES (NULL, NULL, 1, '2025-03-03', '2025-03-04');
INSERT INTO historial_estados (incidencia_id, estado_inicial_id , estado_actual_id, fecha_comienzo, fecha_final) VALUES (45, 1, 3, '2025-03-04', '2025-03-05');
INSERT INTO historial_estados (incidencia_id, estado_inicial_id , estado_actual_id, fecha_comienzo, fecha_final) VALUES (NULL, NULL, 1, '2025-03-03', '2025-03-04');
INSERT INTO historial_estados (incidencia_id, estado_inicial_id , estado_actual_id, fecha_comienzo, fecha_final) VALUES (NULL, 1, 2, '2025-03-04', '2025-03-05');
INSERT INTO historial_estados (incidencia_id, estado_inicial_id , estado_actual_id, fecha_comienzo, fecha_final) VALUES (46, 2, 0, '2025-03-05', '2025-03-06');
INSERT INTO historial_estados (incidencia_id, estado_inicial_id , estado_actual_id, fecha_comienzo, fecha_final) VALUES (NULL, NULL, 1, '2025-03-10', '2025-03-11');
INSERT INTO historial_estados (incidencia_id, estado_inicial_id , estado_actual_id, fecha_comienzo, fecha_final) VALUES (47, 1, 2, '2025-03-11', '2025-03-12');
INSERT INTO historial_estados (incidencia_id, estado_inicial_id , estado_actual_id, fecha_comienzo, fecha_final) VALUES (NULL, NULL, 1, '2025-05-18', '2025-05-19');
INSERT INTO historial_estados (incidencia_id, estado_inicial_id , estado_actual_id, fecha_comienzo, fecha_final) VALUES (NULL, 1, 2, '2025-05-19', '2025-05-20');
INSERT INTO historial_estados (incidencia_id, estado_inicial_id , estado_actual_id, fecha_comienzo, fecha_final) VALUES (48, 2, 3, '2025-05-20', '2025-05-21');
INSERT INTO historial_estados (incidencia_id, estado_inicial_id , estado_actual_id, fecha_comienzo, fecha_final) VALUES (NULL, NULL, 1, '2025-01-09', '2025-01-10');
INSERT INTO historial_estados (incidencia_id, estado_inicial_id , estado_actual_id, fecha_comienzo, fecha_final) VALUES (49, 1, 2, '2025-01-10', '2025-01-11');
INSERT INTO historial_estados (incidencia_id, estado_inicial_id , estado_actual_id, fecha_comienzo, fecha_final) VALUES (NULL, NULL, 1, '2025-03-05', '2025-03-06');
INSERT INTO historial_estados (incidencia_id, estado_inicial_id , estado_actual_id, fecha_comienzo, fecha_final) VALUES (NULL, 1, 2, '2025-03-06', '2025-03-07');
INSERT INTO historial_estados (incidencia_id, estado_inicial_id , estado_actual_id, fecha_comienzo, fecha_final) VALUES (50, 2, 0, '2025-03-07', '2025-03-08');


INSERT INTO Usuario (username,password,rol,editable, nombre, apellidos) VALUES ('user','$2a$10$P.INQOjXA6Krg12MKDl3ne0jZKqQPwjdNd9LfzYl9m2GTwm1nfm3y','USER',false,'user','');
INSERT INTO usuario (username, password, nombre, apellidos, rol, editable) VALUES ( 'admin', '$2a$12$fMCbeiD5ulJd0HVupQClOeUglGpw9z2UphGQPI3ANsiEtGP.TA67K', 'admin', '', 'ADMIN',false);
INSERT INTO usuario (username, password, nombre, apellidos, rol, editable) VALUES ( 'tech', '$2a$12$cVbhu2H9QtaWAA8zmXs7luqThZjcKrBTLd5upkgn.SFRPEVo76OKm', 'tech', '', 'TECH',false);
